#
# DUMP FILE
#
# Database is ported from MS Access
#------------------------------------------------------------------
# Created using "MS Access to MySQL" form http://www.bullzip.com
# Program Version 5.5.282
#
# OPTIONS:
#   sourcefilename=C:/Aplicacao/Fifa/Database/ArenaFifa_SPOOLER.mdb
#   sourceusername=admin
#   sourcepassword=** HIDDEN **
#   sourcesystemdatabase=
#   destinationdatabase=Arena_Spooler
#   storageengine=MyISAM
#   dropdatabase=0
#   createtables=0
#   unicode=0
#   autocommit=1
#   transferdefaultvalues=1
#   transferindexes=0
#   transferautonumbers=1
#   transferrecords=1
#   columnlist=1
#   tableprefix=
#   negativeboolean=0
#   ignorelargeblobs=0
#   memotype=LONGTEXT
#   datetimetype=DATETIME
#

CREATE DATABASE IF NOT EXISTS `arena_spooler`;
USE `arena_spooler`;

SET autocommit=1;

#
# Dumping data for table 'TB_HISTORICO_SPOOLER'
#

# 0 records

SET autocommit=1;

#
# Dumping data for table 'TB_PROCESSOS_ADMINISTRATIVOS'
#

INSERT INTO `TB_PROCESSOS_ADMINISTRATIVOS` (`sl_processo_adm`, `ds_processo_adm`, `ds_periodicidade`, `ds_horario_execucao`, `dt_ultima_execucao`, `hr_ultima_execucao`, `qtd_emails_enviados`, `in_ativo`) VALUES ('ALTERA_CAMPEONATO', 'Alteração de Dados do Campeonato', 'DIÁRIO', '03:00', '2018-09-18 00:00:00', '03:00', 3, 1);
INSERT INTO `TB_PROCESSOS_ADMINISTRATIVOS` (`sl_processo_adm`, `ds_processo_adm`, `ds_periodicidade`, `ds_horario_execucao`, `dt_ultima_execucao`, `hr_ultima_execucao`, `qtd_emails_enviados`, `in_ativo`) VALUES ('ALTERA_USUARIO', 'Alteração de Dados do Usuário', 'DIÁRIO', '03:00', '2018-10-10 00:00:00', '03:02', 3, 1);
INSERT INTO `TB_PROCESSOS_ADMINISTRATIVOS` (`sl_processo_adm`, `ds_processo_adm`, `ds_periodicidade`, `ds_horario_execucao`, `dt_ultima_execucao`, `hr_ultima_execucao`, `qtd_emails_enviados`, `in_ativo`) VALUES ('CALCULA_RANKING', 'Calcula Ranking Temporada Atual', 'DIÁRIO', '04:00', '2018-10-10 00:00:00', '04:02', 0, 1);
INSERT INTO `TB_PROCESSOS_ADMINISTRATIVOS` (`sl_processo_adm`, `ds_processo_adm`, `ds_periodicidade`, `ds_horario_execucao`, `dt_ultima_execucao`, `hr_ultima_execucao`, `qtd_emails_enviados`, `in_ativo`) VALUES ('FIM_RODADA_ATUAL_TODOS_CAMP', 'Finalização da Rodada Atual - Todos Campeonatos', 'DIÁRIO', '02:00', '2018-09-28 00:00:00', '02:00', 19, 1);
INSERT INTO `TB_PROCESSOS_ADMINISTRATIVOS` (`sl_processo_adm`, `ds_processo_adm`, `ds_periodicidade`, `ds_horario_execucao`, `dt_ultima_execucao`, `hr_ultima_execucao`, `qtd_emails_enviados`, `in_ativo`) VALUES ('FINALIZA_RODADA_COPA_FUT', 'Finalização de Rodadas - Copa - FUT', 'DIÁRIO', '08:00', NULL, NULL, 0, 0);
INSERT INTO `TB_PROCESSOS_ADMINISTRATIVOS` (`sl_processo_adm`, `ds_processo_adm`, `ds_periodicidade`, `ds_horario_execucao`, `dt_ultima_execucao`, `hr_ultima_execucao`, `qtd_emails_enviados`, `in_ativo`) VALUES ('FINALIZA_RODADA_COPAS', 'Finalização de Rodadas - Champions, Libertadores e Copas', 'DIÁRIO', '07:00', NULL, NULL, 0, 0);
INSERT INTO `TB_PROCESSOS_ADMINISTRATIVOS` (`sl_processo_adm`, `ds_processo_adm`, `ds_periodicidade`, `ds_horario_execucao`, `dt_ultima_execucao`, `hr_ultima_execucao`, `qtd_emails_enviados`, `in_ativo`) VALUES ('FINALIZA_RODADA_FUT', 'Finalização de Rodadas - Séries - FUT', 'DIÁRIO', '05:00', NULL, NULL, 0, 0);
INSERT INTO `TB_PROCESSOS_ADMINISTRATIVOS` (`sl_processo_adm`, `ds_processo_adm`, `ds_periodicidade`, `ds_horario_execucao`, `dt_ultima_execucao`, `hr_ultima_execucao`, `qtd_emails_enviados`, `in_ativo`) VALUES ('FINALIZA_RODADA_SELECAO', 'Finalização de Rodadas - Mundiais e Eurocopa', 'DIÁRIO', '06:00', NULL, NULL, 0, 0);
INSERT INTO `TB_PROCESSOS_ADMINISTRATIVOS` (`sl_processo_adm`, `ds_processo_adm`, `ds_periodicidade`, `ds_horario_execucao`, `dt_ultima_execucao`, `hr_ultima_execucao`, `qtd_emails_enviados`, `in_ativo`) VALUES ('LIBERA_NOVA_RODADA_TODOS_CAMP', 'Liberação de Novas Rodadas - Todos Campeonatos', 'DIÁRIO', '01:00', '2018-10-01 00:00:00', '01:00', 26, 1);
INSERT INTO `TB_PROCESSOS_ADMINISTRATIVOS` (`sl_processo_adm`, `ds_processo_adm`, `ds_periodicidade`, `ds_horario_execucao`, `dt_ultima_execucao`, `hr_ultima_execucao`, `qtd_emails_enviados`, `in_ativo`) VALUES ('LIBERA_RODADA_COPA_FUT', 'Liberação de Rodada - Copa - FUT', 'DIÁRIO', '04:00', NULL, NULL, 0, 0);
INSERT INTO `TB_PROCESSOS_ADMINISTRATIVOS` (`sl_processo_adm`, `ds_processo_adm`, `ds_periodicidade`, `ds_horario_execucao`, `dt_ultima_execucao`, `hr_ultima_execucao`, `qtd_emails_enviados`, `in_ativo`) VALUES ('LIBERA_RODADA_COPAS', 'Liberação de Rodada - Champions, Libertadores e Copas', 'DIÁRIO', '03:00', NULL, NULL, 0, 0);
INSERT INTO `TB_PROCESSOS_ADMINISTRATIVOS` (`sl_processo_adm`, `ds_processo_adm`, `ds_periodicidade`, `ds_horario_execucao`, `dt_ultima_execucao`, `hr_ultima_execucao`, `qtd_emails_enviados`, `in_ativo`) VALUES ('LIBERA_RODADA_FUT', 'Liberação de Rodada - Séries - FUT', 'DIÁRIO', '00:00', NULL, NULL, 0, 0);
INSERT INTO `TB_PROCESSOS_ADMINISTRATIVOS` (`sl_processo_adm`, `ds_processo_adm`, `ds_periodicidade`, `ds_horario_execucao`, `dt_ultima_execucao`, `hr_ultima_execucao`, `qtd_emails_enviados`, `in_ativo`) VALUES ('LIBERA_RODADA_SELECAO', 'Liberação de Rodada - Mundiais e Eurocopa', 'DIÁRIO', '02:00', NULL, NULL, 0, 0);
INSERT INTO `TB_PROCESSOS_ADMINISTRATIVOS` (`sl_processo_adm`, `ds_processo_adm`, `ds_periodicidade`, `ds_horario_execucao`, `dt_ultima_execucao`, `hr_ultima_execucao`, `qtd_emails_enviados`, `in_ativo`) VALUES ('LISTA_PARTIDAS_SEM_DECRETO', 'Partidas Pendentes de Decreto em Todos os Campeonatos', 'DIÁRIO', '05:00', '2018-09-19 00:00:00', '05:00', 11, 1);
INSERT INTO `TB_PROCESSOS_ADMINISTRATIVOS` (`sl_processo_adm`, `ds_processo_adm`, `ds_periodicidade`, `ds_horario_execucao`, `dt_ultima_execucao`, `hr_ultima_execucao`, `qtd_emails_enviados`, `in_ativo`) VALUES ('LISTA_TECNICOS_LISTA_NEGRA', 'Técnicos atingindo limite da Lista Negra', 'SEMANAL', '03:00', '2018-10-01 00:00:00', '03:00', 3, 1);
INSERT INTO `TB_PROCESSOS_ADMINISTRATIVOS` (`sl_processo_adm`, `ds_processo_adm`, `ds_periodicidade`, `ds_horario_execucao`, `dt_ultima_execucao`, `hr_ultima_execucao`, `qtd_emails_enviados`, `in_ativo`) VALUES ('VALIDA_TIMES_IMAGEM', 'Verifica imagem para times: PRO e FUT', 'DIÁRIO', '04:00', '2018-10-10 00:00:00', '04:02', 0, 1);
# 16 records

SET autocommit=1;

#
# Dumping data for table 'TB_PROCESSOS_EMAIL_DETALHE'
#

INSERT INTO `TB_PROCESSOS_EMAIL_DETALHE` (`id_processo`, `id_usuario`, `id_sequencial`, `dt_execucao_processo`, `hr_execucao_processo`, `nm_usuario`, `psn_id`, `ds_email`, `ds_time_atual`, `id_temporada`, `id_campeonato`, `in_usuario_moderador`, `id_blog`, `dt_blog`, `id_moderador`, `ds_titulo`, `in_tecnico`) VALUES (1, 381, 1, NULL, NULL, 'Aires Dias', 'airesdias', 'aires.junior@arenafifa.com.br', NULL, 21, 198, 1, 0, NULL, 381, NULL, 0);
INSERT INTO `TB_PROCESSOS_EMAIL_DETALHE` (`id_processo`, `id_usuario`, `id_sequencial`, `dt_execucao_processo`, `hr_execucao_processo`, `nm_usuario`, `psn_id`, `ds_email`, `ds_time_atual`, `id_temporada`, `id_campeonato`, `in_usuario_moderador`, `id_blog`, `dt_blog`, `id_moderador`, `ds_titulo`, `in_tecnico`) VALUES (1, 1100, 2, NULL, NULL, 'André Bimonti', 'IBRA_BIMONTI', 'andre.bimonti@uol.com.br', NULL, 21, 198, 1, 0, NULL, 381, NULL, 1);
INSERT INTO `TB_PROCESSOS_EMAIL_DETALHE` (`id_processo`, `id_usuario`, `id_sequencial`, `dt_execucao_processo`, `hr_execucao_processo`, `nm_usuario`, `psn_id`, `ds_email`, `ds_time_atual`, `id_temporada`, `id_campeonato`, `in_usuario_moderador`, `id_blog`, `dt_blog`, `id_moderador`, `ds_titulo`, `in_tecnico`) VALUES (1, 1012, 3, NULL, NULL, 'Carlos Eduardo Lambert de Almeida', 'Kdu-FJV-US', 'Cadubad@gmail.com', NULL, 21, 198, 0, 0, NULL, 381, NULL, 1);
INSERT INTO `TB_PROCESSOS_EMAIL_DETALHE` (`id_processo`, `id_usuario`, `id_sequencial`, `dt_execucao_processo`, `hr_execucao_processo`, `nm_usuario`, `psn_id`, `ds_email`, `ds_time_atual`, `id_temporada`, `id_campeonato`, `in_usuario_moderador`, `id_blog`, `dt_blog`, `id_moderador`, `ds_titulo`, `in_tecnico`) VALUES (1, 797, 4, NULL, NULL, 'Diego Palmeira Rangel', 'Di_Rangel', 'diegoprangel@gmail.com', NULL, 21, 198, 0, 0, NULL, 381, NULL, 1);
INSERT INTO `TB_PROCESSOS_EMAIL_DETALHE` (`id_processo`, `id_usuario`, `id_sequencial`, `dt_execucao_processo`, `hr_execucao_processo`, `nm_usuario`, `psn_id`, `ds_email`, `ds_time_atual`, `id_temporada`, `id_campeonato`, `in_usuario_moderador`, `id_blog`, `dt_blog`, `id_moderador`, `ds_titulo`, `in_tecnico`) VALUES (1, 579, 5, NULL, NULL, 'Diogo Vinotti', 'vinotti1234', 'diogofapeu@gmail.com', NULL, 21, 198, 0, 0, NULL, 381, NULL, 1);
INSERT INTO `TB_PROCESSOS_EMAIL_DETALHE` (`id_processo`, `id_usuario`, `id_sequencial`, `dt_execucao_processo`, `hr_execucao_processo`, `nm_usuario`, `psn_id`, `ds_email`, `ds_time_atual`, `id_temporada`, `id_campeonato`, `in_usuario_moderador`, `id_blog`, `dt_blog`, `id_moderador`, `ds_titulo`, `in_tecnico`) VALUES (1, 401, 6, NULL, NULL, 'Felipe dos Santos', 'santossfelipe93', 'santossfelipe1993@gmail.com', NULL, 21, 198, 1, 0, NULL, 381, NULL, 1);
INSERT INTO `TB_PROCESSOS_EMAIL_DETALHE` (`id_processo`, `id_usuario`, `id_sequencial`, `dt_execucao_processo`, `hr_execucao_processo`, `nm_usuario`, `psn_id`, `ds_email`, `ds_time_atual`, `id_temporada`, `id_campeonato`, `in_usuario_moderador`, `id_blog`, `dt_blog`, `id_moderador`, `ds_titulo`, `in_tecnico`) VALUES (1, 2243, 7, NULL, NULL, 'Fernando Alves', 'AkeleOwned', 'fienn_fernando@hotmail.com', NULL, 21, 198, 1, 0, NULL, 381, NULL, 1);
INSERT INTO `TB_PROCESSOS_EMAIL_DETALHE` (`id_processo`, `id_usuario`, `id_sequencial`, `dt_execucao_processo`, `hr_execucao_processo`, `nm_usuario`, `psn_id`, `ds_email`, `ds_time_atual`, `id_temporada`, `id_campeonato`, `in_usuario_moderador`, `id_blog`, `dt_blog`, `id_moderador`, `ds_titulo`, `in_tecnico`) VALUES (1, 942, 8, NULL, NULL, 'Fred Fernandes', 'hoffman_0307', 'yderf_0307@hotmail.com', NULL, 21, 198, 0, 0, NULL, 381, NULL, 1);
INSERT INTO `TB_PROCESSOS_EMAIL_DETALHE` (`id_processo`, `id_usuario`, `id_sequencial`, `dt_execucao_processo`, `hr_execucao_processo`, `nm_usuario`, `psn_id`, `ds_email`, `ds_time_atual`, `id_temporada`, `id_campeonato`, `in_usuario_moderador`, `id_blog`, `dt_blog`, `id_moderador`, `ds_titulo`, `in_tecnico`) VALUES (1, 1177, 9, NULL, NULL, 'Hugo Leonardo Siqueira da Silva', 'HugoSiqueira94', 'hleonardosiqueira@gmail.com', NULL, 21, 198, 1, 0, NULL, 381, NULL, 1);
INSERT INTO `TB_PROCESSOS_EMAIL_DETALHE` (`id_processo`, `id_usuario`, `id_sequencial`, `dt_execucao_processo`, `hr_execucao_processo`, `nm_usuario`, `psn_id`, `ds_email`, `ds_time_atual`, `id_temporada`, `id_campeonato`, `in_usuario_moderador`, `id_blog`, `dt_blog`, `id_moderador`, `ds_titulo`, `in_tecnico`) VALUES (1, 916, 11, NULL, NULL, 'Julio cesar Costa ', 'bodaski', 'Jccostametrorio@gmail.Com', NULL, 21, 198, 1, 0, NULL, 381, NULL, 1);
INSERT INTO `TB_PROCESSOS_EMAIL_DETALHE` (`id_processo`, `id_usuario`, `id_sequencial`, `dt_execucao_processo`, `hr_execucao_processo`, `nm_usuario`, `psn_id`, `ds_email`, `ds_time_atual`, `id_temporada`, `id_campeonato`, `in_usuario_moderador`, `id_blog`, `dt_blog`, `id_moderador`, `ds_titulo`, `in_tecnico`) VALUES (1, 422, 12, NULL, NULL, 'Junior Verde', 'juniorverde', 'cfrajunior@gmail.com', NULL, 21, 198, 1, 0, NULL, 381, NULL, 1);
INSERT INTO `TB_PROCESSOS_EMAIL_DETALHE` (`id_processo`, `id_usuario`, `id_sequencial`, `dt_execucao_processo`, `hr_execucao_processo`, `nm_usuario`, `psn_id`, `ds_email`, `ds_time_atual`, `id_temporada`, `id_campeonato`, `in_usuario_moderador`, `id_blog`, `dt_blog`, `id_moderador`, `ds_titulo`, `in_tecnico`) VALUES (1, 484, 13, NULL, NULL, 'Leandro Branco Silva', 'leandrobranco19', 'contatoleandrobranco@gmail.com', NULL, 21, 198, 0, 0, NULL, 381, NULL, 1);
INSERT INTO `TB_PROCESSOS_EMAIL_DETALHE` (`id_processo`, `id_usuario`, `id_sequencial`, `dt_execucao_processo`, `hr_execucao_processo`, `nm_usuario`, `psn_id`, `ds_email`, `ds_time_atual`, `id_temporada`, `id_campeonato`, `in_usuario_moderador`, `id_blog`, `dt_blog`, `id_moderador`, `ds_titulo`, `in_tecnico`) VALUES (1, 1213, 14, NULL, NULL, 'Luiz Fernando Silva Caldas', 'luizc007', 'psnsharewl@gmail.com', NULL, 21, 198, 0, 0, NULL, 381, NULL, 1);
INSERT INTO `TB_PROCESSOS_EMAIL_DETALHE` (`id_processo`, `id_usuario`, `id_sequencial`, `dt_execucao_processo`, `hr_execucao_processo`, `nm_usuario`, `psn_id`, `ds_email`, `ds_time_atual`, `id_temporada`, `id_campeonato`, `in_usuario_moderador`, `id_blog`, `dt_blog`, `id_moderador`, `ds_titulo`, `in_tecnico`) VALUES (1, 996, 15, NULL, NULL, 'Pedro Henrique Amorim SIlva', 'pedrok18', 'pedrohenrique.as18@gmail.com', NULL, 21, 198, 0, 0, NULL, 381, NULL, 1);
INSERT INTO `TB_PROCESSOS_EMAIL_DETALHE` (`id_processo`, `id_usuario`, `id_sequencial`, `dt_execucao_processo`, `hr_execucao_processo`, `nm_usuario`, `psn_id`, `ds_email`, `ds_time_atual`, `id_temporada`, `id_campeonato`, `in_usuario_moderador`, `id_blog`, `dt_blog`, `id_moderador`, `ds_titulo`, `in_tecnico`) VALUES (1, 1054, 16, NULL, NULL, 'RAFAEL APARECIDO DA SILVA ', 'mkrafa', 'mkrafa@uol.com.br', NULL, 21, 198, 0, 0, NULL, 381, NULL, 1);
INSERT INTO `TB_PROCESSOS_EMAIL_DETALHE` (`id_processo`, `id_usuario`, `id_sequencial`, `dt_execucao_processo`, `hr_execucao_processo`, `nm_usuario`, `psn_id`, `ds_email`, `ds_time_atual`, `id_temporada`, `id_campeonato`, `in_usuario_moderador`, `id_blog`, `dt_blog`, `id_moderador`, `ds_titulo`, `in_tecnico`) VALUES (1, 1146, 17, NULL, NULL, 'Renan Thomazelli', 'Rthomazelli', 'thomazelli95@yahoo.com', NULL, 21, 198, 0, 0, NULL, 381, NULL, 1);
INSERT INTO `TB_PROCESSOS_EMAIL_DETALHE` (`id_processo`, `id_usuario`, `id_sequencial`, `dt_execucao_processo`, `hr_execucao_processo`, `nm_usuario`, `psn_id`, `ds_email`, `ds_time_atual`, `id_temporada`, `id_campeonato`, `in_usuario_moderador`, `id_blog`, `dt_blog`, `id_moderador`, `ds_titulo`, `in_tecnico`) VALUES (1, 1206, 18, NULL, NULL, 'Ricardo Augusto Simões', 'Rick_simoes', 'ricardo.asimoes@gmail.com', NULL, 21, 198, 1, 0, NULL, 381, NULL, 1);
INSERT INTO `TB_PROCESSOS_EMAIL_DETALHE` (`id_processo`, `id_usuario`, `id_sequencial`, `dt_execucao_processo`, `hr_execucao_processo`, `nm_usuario`, `psn_id`, `ds_email`, `ds_time_atual`, `id_temporada`, `id_campeonato`, `in_usuario_moderador`, `id_blog`, `dt_blog`, `id_moderador`, `ds_titulo`, `in_tecnico`) VALUES (1, 384, 19, NULL, NULL, 'Roberto Pereira', 'Torbe_Pereira', 'pereira_mkt@hotmail.com', NULL, 21, 198, 0, 0, NULL, 381, NULL, 1);
INSERT INTO `TB_PROCESSOS_EMAIL_DETALHE` (`id_processo`, `id_usuario`, `id_sequencial`, `dt_execucao_processo`, `hr_execucao_processo`, `nm_usuario`, `psn_id`, `ds_email`, `ds_time_atual`, `id_temporada`, `id_campeonato`, `in_usuario_moderador`, `id_blog`, `dt_blog`, `id_moderador`, `ds_titulo`, `in_tecnico`) VALUES (1, 385, 20, NULL, NULL, 'Thiago Pereira da Fonseca', 'Fonseca_RJ', 'thiagofonseca_rj@hotmail.com', NULL, 21, 198, 1, 0, NULL, 381, NULL, 1);
INSERT INTO `TB_PROCESSOS_EMAIL_DETALHE` (`id_processo`, `id_usuario`, `id_sequencial`, `dt_execucao_processo`, `hr_execucao_processo`, `nm_usuario`, `psn_id`, `ds_email`, `ds_time_atual`, `id_temporada`, `id_campeonato`, `in_usuario_moderador`, `id_blog`, `dt_blog`, `id_moderador`, `ds_titulo`, `in_tecnico`) VALUES (1, 545, 21, NULL, NULL, 'Tonhao Augusto', 'Tonhao_omaestro', 'Neto22_santos@hotmail.com', NULL, 21, 198, 0, 0, NULL, 381, NULL, 1);
INSERT INTO `TB_PROCESSOS_EMAIL_DETALHE` (`id_processo`, `id_usuario`, `id_sequencial`, `dt_execucao_processo`, `hr_execucao_processo`, `nm_usuario`, `psn_id`, `ds_email`, `ds_time_atual`, `id_temporada`, `id_campeonato`, `in_usuario_moderador`, `id_blog`, `dt_blog`, `id_moderador`, `ds_titulo`, `in_tecnico`) VALUES (1, 851, 22, NULL, NULL, 'Vinicius Ramos Pereira', 'ramos_vrp', 'ramos881984@gmail.com', NULL, 21, 198, 0, 0, NULL, 381, NULL, 1);
INSERT INTO `TB_PROCESSOS_EMAIL_DETALHE` (`id_processo`, `id_usuario`, `id_sequencial`, `dt_execucao_processo`, `hr_execucao_processo`, `nm_usuario`, `psn_id`, `ds_email`, `ds_time_atual`, `id_temporada`, `id_campeonato`, `in_usuario_moderador`, `id_blog`, `dt_blog`, `id_moderador`, `ds_titulo`, `in_tecnico`) VALUES (2, 390, 1, NULL, NULL, 'Adriano Bezerra ', 'Bezerra2011', 'bezerra1982@gmail.com', NULL, 21, 199, 0, 0, NULL, 381, NULL, 1);
INSERT INTO `TB_PROCESSOS_EMAIL_DETALHE` (`id_processo`, `id_usuario`, `id_sequencial`, `dt_execucao_processo`, `hr_execucao_processo`, `nm_usuario`, `psn_id`, `ds_email`, `ds_time_atual`, `id_temporada`, `id_campeonato`, `in_usuario_moderador`, `id_blog`, `dt_blog`, `id_moderador`, `ds_titulo`, `in_tecnico`) VALUES (2, 932, 2, NULL, NULL, 'Anderson AP Faria', 'Andermlk', 'ander_gol86@hotmail.com', NULL, 21, 199, 0, 0, NULL, 381, NULL, 1);
INSERT INTO `TB_PROCESSOS_EMAIL_DETALHE` (`id_processo`, `id_usuario`, `id_sequencial`, `dt_execucao_processo`, `hr_execucao_processo`, `nm_usuario`, `psn_id`, `ds_email`, `ds_time_atual`, `id_temporada`, `id_campeonato`, `in_usuario_moderador`, `id_blog`, `dt_blog`, `id_moderador`, `ds_titulo`, `in_tecnico`) VALUES (2, 1134, 3, NULL, NULL, 'Anderson das Chagas Teixeira', 'Chagasbrasilspzl', 'andersonjovita@hotmail.com', NULL, 21, 199, 0, 0, NULL, 381, NULL, 1);
INSERT INTO `TB_PROCESSOS_EMAIL_DETALHE` (`id_processo`, `id_usuario`, `id_sequencial`, `dt_execucao_processo`, `hr_execucao_processo`, `nm_usuario`, `psn_id`, `ds_email`, `ds_time_atual`, `id_temporada`, `id_campeonato`, `in_usuario_moderador`, `id_blog`, `dt_blog`, `id_moderador`, `ds_titulo`, `in_tecnico`) VALUES (2, 411, 4, NULL, NULL, 'Érico Negão', 'NEGO__MALA', 'negomala@hotmail.com', NULL, 21, 199, 0, 0, NULL, 381, NULL, 1);
INSERT INTO `TB_PROCESSOS_EMAIL_DETALHE` (`id_processo`, `id_usuario`, `id_sequencial`, `dt_execucao_processo`, `hr_execucao_processo`, `nm_usuario`, `psn_id`, `ds_email`, `ds_time_atual`, `id_temporada`, `id_campeonato`, `in_usuario_moderador`, `id_blog`, `dt_blog`, `id_moderador`, `ds_titulo`, `in_tecnico`) VALUES (2, 1163, 5, NULL, NULL, 'Evandro das Chagas Teixeira', 'sse-teixeira', 'evandro_2.1@hotmail.com', NULL, 21, 199, 0, 0, NULL, 381, NULL, 1);
INSERT INTO `TB_PROCESSOS_EMAIL_DETALHE` (`id_processo`, `id_usuario`, `id_sequencial`, `dt_execucao_processo`, `hr_execucao_processo`, `nm_usuario`, `psn_id`, `ds_email`, `ds_time_atual`, `id_temporada`, `id_campeonato`, `in_usuario_moderador`, `id_blog`, `dt_blog`, `id_moderador`, `ds_titulo`, `in_tecnico`) VALUES (2, 401, 6, NULL, NULL, 'Felipe dos Santos', 'santossfelipe93', 'santossfelipe1993@gmail.com', NULL, 21, 199, 1, 0, NULL, 381, NULL, 0);
INSERT INTO `TB_PROCESSOS_EMAIL_DETALHE` (`id_processo`, `id_usuario`, `id_sequencial`, `dt_execucao_processo`, `hr_execucao_processo`, `nm_usuario`, `psn_id`, `ds_email`, `ds_time_atual`, `id_temporada`, `id_campeonato`, `in_usuario_moderador`, `id_blog`, `dt_blog`, `id_moderador`, `ds_titulo`, `in_tecnico`) VALUES (2, 2310, 7, NULL, NULL, 'Felipe viera de souza', 'FeelipeV', 'Felipe17_03@hotmail.com', NULL, 21, 199, 0, 0, NULL, 381, NULL, 1);
INSERT INTO `TB_PROCESSOS_EMAIL_DETALHE` (`id_processo`, `id_usuario`, `id_sequencial`, `dt_execucao_processo`, `hr_execucao_processo`, `nm_usuario`, `psn_id`, `ds_email`, `ds_time_atual`, `id_temporada`, `id_campeonato`, `in_usuario_moderador`, `id_blog`, `dt_blog`, `id_moderador`, `ds_titulo`, `in_tecnico`) VALUES (2, 399, 8, NULL, NULL, 'Fernando Neves', 'nvscst', 'costaneves@gmail.com', NULL, 21, 199, 1, 0, NULL, 381, NULL, 1);
INSERT INTO `TB_PROCESSOS_EMAIL_DETALHE` (`id_processo`, `id_usuario`, `id_sequencial`, `dt_execucao_processo`, `hr_execucao_processo`, `nm_usuario`, `psn_id`, `ds_email`, `ds_time_atual`, `id_temporada`, `id_campeonato`, `in_usuario_moderador`, `id_blog`, `dt_blog`, `id_moderador`, `ds_titulo`, `in_tecnico`) VALUES (2, 538, 9, NULL, NULL, 'Gustavo Amaral de Gois Veloso', 'Gustavo_Mancha07', 'Gustavo.a.gois@hotmail.com', NULL, 21, 199, 0, 0, NULL, 381, NULL, 1);
INSERT INTO `TB_PROCESSOS_EMAIL_DETALHE` (`id_processo`, `id_usuario`, `id_sequencial`, `dt_execucao_processo`, `hr_execucao_processo`, `nm_usuario`, `psn_id`, `ds_email`, `ds_time_atual`, `id_temporada`, `id_campeonato`, `in_usuario_moderador`, `id_blog`, `dt_blog`, `id_moderador`, `ds_titulo`, `in_tecnico`) VALUES (2, 1198, 10, NULL, NULL, 'Gustavo Curty Bereda de Oliveira', 'CurtyG14', 'gustavobereda@hotmail.com', NULL, 21, 199, 0, 0, NULL, 381, NULL, 1);
INSERT INTO `TB_PROCESSOS_EMAIL_DETALHE` (`id_processo`, `id_usuario`, `id_sequencial`, `dt_execucao_processo`, `hr_execucao_processo`, `nm_usuario`, `psn_id`, `ds_email`, `ds_time_atual`, `id_temporada`, `id_campeonato`, `in_usuario_moderador`, `id_blog`, `dt_blog`, `id_moderador`, `ds_titulo`, `in_tecnico`) VALUES (2, 2370, 11, NULL, NULL, 'Jefferson Oliveira Santos ', 'JEH_EM_ACAO', 'jeffersonoliveira17@yahoo.com', NULL, 21, 199, 0, 0, NULL, 381, NULL, 1);
INSERT INTO `TB_PROCESSOS_EMAIL_DETALHE` (`id_processo`, `id_usuario`, `id_sequencial`, `dt_execucao_processo`, `hr_execucao_processo`, `nm_usuario`, `psn_id`, `ds_email`, `ds_time_atual`, `id_temporada`, `id_campeonato`, `in_usuario_moderador`, `id_blog`, `dt_blog`, `id_moderador`, `ds_titulo`, `in_tecnico`) VALUES (2, 2108, 12, NULL, NULL, 'Nabil Hammoud', 'Liban84', 'nabilhammoud@icloud.com', NULL, 21, 199, 0, 0, NULL, 381, NULL, 1);
INSERT INTO `TB_PROCESSOS_EMAIL_DETALHE` (`id_processo`, `id_usuario`, `id_sequencial`, `dt_execucao_processo`, `hr_execucao_processo`, `nm_usuario`, `psn_id`, `ds_email`, `ds_time_atual`, `id_temporada`, `id_campeonato`, `in_usuario_moderador`, `id_blog`, `dt_blog`, `id_moderador`, `ds_titulo`, `in_tecnico`) VALUES (2, 425, 13, NULL, NULL, 'Raphael Patury Lins', 'Fiusk06', 'raphaelpatury@gmail.com', NULL, 21, 199, 0, 0, NULL, 381, NULL, 1);
INSERT INTO `TB_PROCESSOS_EMAIL_DETALHE` (`id_processo`, `id_usuario`, `id_sequencial`, `dt_execucao_processo`, `hr_execucao_processo`, `nm_usuario`, `psn_id`, `ds_email`, `ds_time_atual`, `id_temporada`, `id_campeonato`, `in_usuario_moderador`, `id_blog`, `dt_blog`, `id_moderador`, `ds_titulo`, `in_tecnico`) VALUES (2, 2191, 14, NULL, NULL, 'Ricardo Jose Binhardi', 'rjb120678lil', 'binhardi@expandhimoveis.com.br', NULL, 21, 199, 0, 0, NULL, 381, NULL, 1);
INSERT INTO `TB_PROCESSOS_EMAIL_DETALHE` (`id_processo`, `id_usuario`, `id_sequencial`, `dt_execucao_processo`, `hr_execucao_processo`, `nm_usuario`, `psn_id`, `ds_email`, `ds_time_atual`, `id_temporada`, `id_campeonato`, `in_usuario_moderador`, `id_blog`, `dt_blog`, `id_moderador`, `ds_titulo`, `in_tecnico`) VALUES (2, 408, 15, NULL, NULL, 'ricardo mangas lopes', 'rmangas', 'rmangaslopes@gmail.com', NULL, 21, 199, 0, 0, NULL, 381, NULL, 1);
INSERT INTO `TB_PROCESSOS_EMAIL_DETALHE` (`id_processo`, `id_usuario`, `id_sequencial`, `dt_execucao_processo`, `hr_execucao_processo`, `nm_usuario`, `psn_id`, `ds_email`, `ds_time_atual`, `id_temporada`, `id_campeonato`, `in_usuario_moderador`, `id_blog`, `dt_blog`, `id_moderador`, `ds_titulo`, `in_tecnico`) VALUES (2, 1190, 16, NULL, NULL, 'Rodrigo de Oliveira Perez', 'rodrigofifa78', 'rodrigofifa78@hotmail.com', NULL, 21, 199, 0, 0, NULL, 381, NULL, 1);
INSERT INTO `TB_PROCESSOS_EMAIL_DETALHE` (`id_processo`, `id_usuario`, `id_sequencial`, `dt_execucao_processo`, `hr_execucao_processo`, `nm_usuario`, `psn_id`, `ds_email`, `ds_time_atual`, `id_temporada`, `id_campeonato`, `in_usuario_moderador`, `id_blog`, `dt_blog`, `id_moderador`, `ds_titulo`, `in_tecnico`) VALUES (2, 2208, 17, NULL, NULL, 'Samuel Oliveira ', 'SamuelDOliveira ', 'samuca_sso@globo.com', NULL, 21, 199, 0, 0, NULL, 381, NULL, 1);
INSERT INTO `TB_PROCESSOS_EMAIL_DETALHE` (`id_processo`, `id_usuario`, `id_sequencial`, `dt_execucao_processo`, `hr_execucao_processo`, `nm_usuario`, `psn_id`, `ds_email`, `ds_time_atual`, `id_temporada`, `id_campeonato`, `in_usuario_moderador`, `id_blog`, `dt_blog`, `id_moderador`, `ds_titulo`, `in_tecnico`) VALUES (2, 985, 18, NULL, NULL, 'sayds angel m de paula', 'saydsangelll', 'saydsangel@gmail.com', NULL, 21, 199, 1, 0, NULL, 381, NULL, 0);
INSERT INTO `TB_PROCESSOS_EMAIL_DETALHE` (`id_processo`, `id_usuario`, `id_sequencial`, `dt_execucao_processo`, `hr_execucao_processo`, `nm_usuario`, `psn_id`, `ds_email`, `ds_time_atual`, `id_temporada`, `id_campeonato`, `in_usuario_moderador`, `id_blog`, `dt_blog`, `id_moderador`, `ds_titulo`, `in_tecnico`) VALUES (2, 984, 19, NULL, NULL, 'Sergio Thiago Alves de Souza', 'sergiothiago', 'sergio77rj@hotmail.com', NULL, 21, 199, 0, 0, NULL, 381, NULL, 1);
INSERT INTO `TB_PROCESSOS_EMAIL_DETALHE` (`id_processo`, `id_usuario`, `id_sequencial`, `dt_execucao_processo`, `hr_execucao_processo`, `nm_usuario`, `psn_id`, `ds_email`, `ds_time_atual`, `id_temporada`, `id_campeonato`, `in_usuario_moderador`, `id_blog`, `dt_blog`, `id_moderador`, `ds_titulo`, `in_tecnico`) VALUES (2, 1281, 20, NULL, NULL, 'Tadeu de Jesus nogueira junior', 'juninhogoleiro1', 'Juniorgoleiro@hotmail.com', NULL, 21, 199, 0, 0, NULL, 381, NULL, 1);
INSERT INTO `TB_PROCESSOS_EMAIL_DETALHE` (`id_processo`, `id_usuario`, `id_sequencial`, `dt_execucao_processo`, `hr_execucao_processo`, `nm_usuario`, `psn_id`, `ds_email`, `ds_time_atual`, `id_temporada`, `id_campeonato`, `in_usuario_moderador`, `id_blog`, `dt_blog`, `id_moderador`, `ds_titulo`, `in_tecnico`) VALUES (2, 2100, 21, NULL, NULL, 'Vinicius Alcantara', 'valcantara23', 'viniciusavelinoalcantara@gmail.com', NULL, 21, 199, 0, 0, NULL, 381, NULL, 1);
INSERT INTO `TB_PROCESSOS_EMAIL_DETALHE` (`id_processo`, `id_usuario`, `id_sequencial`, `dt_execucao_processo`, `hr_execucao_processo`, `nm_usuario`, `psn_id`, `ds_email`, `ds_time_atual`, `id_temporada`, `id_campeonato`, `in_usuario_moderador`, `id_blog`, `dt_blog`, `id_moderador`, `ds_titulo`, `in_tecnico`) VALUES (2, 1133, 22, NULL, NULL, 'Vinicius Boca', 'Bocavnm', 'vmateus@marimportlog.com.br', NULL, 21, 199, 0, 0, NULL, 381, NULL, 1);
INSERT INTO `TB_PROCESSOS_EMAIL_DETALHE` (`id_processo`, `id_usuario`, `id_sequencial`, `dt_execucao_processo`, `hr_execucao_processo`, `nm_usuario`, `psn_id`, `ds_email`, `ds_time_atual`, `id_temporada`, `id_campeonato`, `in_usuario_moderador`, `id_blog`, `dt_blog`, `id_moderador`, `ds_titulo`, `in_tecnico`) VALUES (3, 1100, 1, NULL, NULL, 'André Bimonti', 'IBRA_BIMONTI', 'andre.bimonti@uol.com.br', NULL, 21, 200, 1, 0, NULL, 381, NULL, 0);
INSERT INTO `TB_PROCESSOS_EMAIL_DETALHE` (`id_processo`, `id_usuario`, `id_sequencial`, `dt_execucao_processo`, `hr_execucao_processo`, `nm_usuario`, `psn_id`, `ds_email`, `ds_time_atual`, `id_temporada`, `id_campeonato`, `in_usuario_moderador`, `id_blog`, `dt_blog`, `id_moderador`, `ds_titulo`, `in_tecnico`) VALUES (3, 2438, 2, NULL, NULL, 'Carlos Henrique Batista de Oliveira ', 'Ckaka23', 'Carloshbo@outlook.de', NULL, 21, 200, 0, 0, NULL, 381, NULL, 1);
INSERT INTO `TB_PROCESSOS_EMAIL_DETALHE` (`id_processo`, `id_usuario`, `id_sequencial`, `dt_execucao_processo`, `hr_execucao_processo`, `nm_usuario`, `psn_id`, `ds_email`, `ds_time_atual`, `id_temporada`, `id_campeonato`, `in_usuario_moderador`, `id_blog`, `dt_blog`, `id_moderador`, `ds_titulo`, `in_tecnico`) VALUES (3, 2472, 3, NULL, NULL, 'Cassiano José Sales Cruz ', 'Onayssak', 'Csn.salesfmu@hotmail.com', NULL, 21, 200, 0, 0, NULL, 381, NULL, 1);
INSERT INTO `TB_PROCESSOS_EMAIL_DETALHE` (`id_processo`, `id_usuario`, `id_sequencial`, `dt_execucao_processo`, `hr_execucao_processo`, `nm_usuario`, `psn_id`, `ds_email`, `ds_time_atual`, `id_temporada`, `id_campeonato`, `in_usuario_moderador`, `id_blog`, `dt_blog`, `id_moderador`, `ds_titulo`, `in_tecnico`) VALUES (3, 879, 4, NULL, NULL, 'Eduardo santos da conceição', 'Edusantos81', 'edusantos0681@gmail.com', NULL, 21, 200, 0, 0, NULL, 381, NULL, 1);
INSERT INTO `TB_PROCESSOS_EMAIL_DETALHE` (`id_processo`, `id_usuario`, `id_sequencial`, `dt_execucao_processo`, `hr_execucao_processo`, `nm_usuario`, `psn_id`, `ds_email`, `ds_time_atual`, `id_temporada`, `id_campeonato`, `in_usuario_moderador`, `id_blog`, `dt_blog`, `id_moderador`, `ds_titulo`, `in_tecnico`) VALUES (3, 2724, 5, NULL, NULL, 'Felipe santos', 'Felipe_santos07', 'Felipemalcher05@gmail.com', NULL, 21, 200, 0, 0, NULL, 381, NULL, 1);
INSERT INTO `TB_PROCESSOS_EMAIL_DETALHE` (`id_processo`, `id_usuario`, `id_sequencial`, `dt_execucao_processo`, `hr_execucao_processo`, `nm_usuario`, `psn_id`, `ds_email`, `ds_time_atual`, `id_temporada`, `id_campeonato`, `in_usuario_moderador`, `id_blog`, `dt_blog`, `id_moderador`, `ds_titulo`, `in_tecnico`) VALUES (3, 2582, 6, NULL, NULL, 'Francisco Lopes Da Costa Junior', 'Dr_Junior23', 'Francisco233@Outlook.com.br', NULL, 21, 200, 0, 0, NULL, 381, NULL, 1);
INSERT INTO `TB_PROCESSOS_EMAIL_DETALHE` (`id_processo`, `id_usuario`, `id_sequencial`, `dt_execucao_processo`, `hr_execucao_processo`, `nm_usuario`, `psn_id`, `ds_email`, `ds_time_atual`, `id_temporada`, `id_campeonato`, `in_usuario_moderador`, `id_blog`, `dt_blog`, `id_moderador`, `ds_titulo`, `in_tecnico`) VALUES (3, 2741, 7, NULL, NULL, 'Guilherme Bisnaga', 'Gui_bisnaga', 'Guigo_350@yahoo.com.br', NULL, 21, 200, 0, 0, NULL, 381, NULL, 1);
INSERT INTO `TB_PROCESSOS_EMAIL_DETALHE` (`id_processo`, `id_usuario`, `id_sequencial`, `dt_execucao_processo`, `hr_execucao_processo`, `nm_usuario`, `psn_id`, `ds_email`, `ds_time_atual`, `id_temporada`, `id_campeonato`, `in_usuario_moderador`, `id_blog`, `dt_blog`, `id_moderador`, `ds_titulo`, `in_tecnico`) VALUES (3, 1477, 8, NULL, NULL, 'João Gabriel Santos oliveira', 'Joaozinho111', 'Jaolive24@Gmail.com', NULL, 21, 200, 0, 0, NULL, 381, NULL, 1);
INSERT INTO `TB_PROCESSOS_EMAIL_DETALHE` (`id_processo`, `id_usuario`, `id_sequencial`, `dt_execucao_processo`, `hr_execucao_processo`, `nm_usuario`, `psn_id`, `ds_email`, `ds_time_atual`, `id_temporada`, `id_campeonato`, `in_usuario_moderador`, `id_blog`, `dt_blog`, `id_moderador`, `ds_titulo`, `in_tecnico`) VALUES (3, 2626, 9, NULL, NULL, 'Johnata ortega ', 'Johortega', 'Joh.s.ortega@gmail.com', NULL, 21, 200, 0, 0, NULL, 381, NULL, 1);
INSERT INTO `TB_PROCESSOS_EMAIL_DETALHE` (`id_processo`, `id_usuario`, `id_sequencial`, `dt_execucao_processo`, `hr_execucao_processo`, `nm_usuario`, `psn_id`, `ds_email`, `ds_time_atual`, `id_temporada`, `id_campeonato`, `in_usuario_moderador`, `id_blog`, `dt_blog`, `id_moderador`, `ds_titulo`, `in_tecnico`) VALUES (3, 2748, 10, NULL, NULL, 'Jonas de Jesus ', 'Jonas-CuritibaPR ', 'jonasmoreira2011@hotmail.com', NULL, 21, 200, 0, 0, NULL, 381, NULL, 1);
INSERT INTO `TB_PROCESSOS_EMAIL_DETALHE` (`id_processo`, `id_usuario`, `id_sequencial`, `dt_execucao_processo`, `hr_execucao_processo`, `nm_usuario`, `psn_id`, `ds_email`, `ds_time_atual`, `id_temporada`, `id_campeonato`, `in_usuario_moderador`, `id_blog`, `dt_blog`, `id_moderador`, `ds_titulo`, `in_tecnico`) VALUES (3, 2732, 11, NULL, NULL, 'Kevin dorneles ', 'Kervolin', 'Kervolin@gmail.com', NULL, 21, 200, 0, 0, NULL, 381, NULL, 1);
INSERT INTO `TB_PROCESSOS_EMAIL_DETALHE` (`id_processo`, `id_usuario`, `id_sequencial`, `dt_execucao_processo`, `hr_execucao_processo`, `nm_usuario`, `psn_id`, `ds_email`, `ds_time_atual`, `id_temporada`, `id_campeonato`, `in_usuario_moderador`, `id_blog`, `dt_blog`, `id_moderador`, `ds_titulo`, `in_tecnico`) VALUES (3, 1204, 12, NULL, NULL, 'Leonardo Lima Sampaio', 'M4dr1D1St44', 'leo.matrm@gmail.com', NULL, 21, 200, 0, 0, NULL, 381, NULL, 1);
INSERT INTO `TB_PROCESSOS_EMAIL_DETALHE` (`id_processo`, `id_usuario`, `id_sequencial`, `dt_execucao_processo`, `hr_execucao_processo`, `nm_usuario`, `psn_id`, `ds_email`, `ds_time_atual`, `id_temporada`, `id_campeonato`, `in_usuario_moderador`, `id_blog`, `dt_blog`, `id_moderador`, `ds_titulo`, `in_tecnico`) VALUES (3, 460, 13, NULL, NULL, 'Leonardo Vieira Bittencourt', 'garfieldflu_usa', 'leonardovieira79@yahoo.com.br', NULL, 21, 200, 0, 0, NULL, 381, NULL, 1);
INSERT INTO `TB_PROCESSOS_EMAIL_DETALHE` (`id_processo`, `id_usuario`, `id_sequencial`, `dt_execucao_processo`, `hr_execucao_processo`, `nm_usuario`, `psn_id`, `ds_email`, `ds_time_atual`, `id_temporada`, `id_campeonato`, `in_usuario_moderador`, `id_blog`, `dt_blog`, `id_moderador`, `ds_titulo`, `in_tecnico`) VALUES (3, 2720, 14, NULL, NULL, 'Luan Maia ', 'K1NG_PlayyzeR', 'K1ng-luan@bol.com.br', NULL, 21, 200, 0, 0, NULL, 381, NULL, 1);
INSERT INTO `TB_PROCESSOS_EMAIL_DETALHE` (`id_processo`, `id_usuario`, `id_sequencial`, `dt_execucao_processo`, `hr_execucao_processo`, `nm_usuario`, `psn_id`, `ds_email`, `ds_time_atual`, `id_temporada`, `id_campeonato`, `in_usuario_moderador`, `id_blog`, `dt_blog`, `id_moderador`, `ds_titulo`, `in_tecnico`) VALUES (3, 385, 15, NULL, NULL, 'Thiago Pereira da Fonseca', 'Fonseca_RJ', 'thiagofonseca_rj@hotmail.com', NULL, 21, 200, 1, 0, NULL, 381, NULL, 0);
INSERT INTO `TB_PROCESSOS_EMAIL_DETALHE` (`id_processo`, `id_usuario`, `id_sequencial`, `dt_execucao_processo`, `hr_execucao_processo`, `nm_usuario`, `psn_id`, `ds_email`, `ds_time_atual`, `id_temporada`, `id_campeonato`, `in_usuario_moderador`, `id_blog`, `dt_blog`, `id_moderador`, `ds_titulo`, `in_tecnico`) VALUES (3, 1135, 16, NULL, NULL, 'Thiago Vancellote', 'benitodipaula', 'vancellote@yahoo.com.br', NULL, 21, 200, 0, 0, NULL, 381, NULL, 1);
INSERT INTO `TB_PROCESSOS_EMAIL_DETALHE` (`id_processo`, `id_usuario`, `id_sequencial`, `dt_execucao_processo`, `hr_execucao_processo`, `nm_usuario`, `psn_id`, `ds_email`, `ds_time_atual`, `id_temporada`, `id_campeonato`, `in_usuario_moderador`, `id_blog`, `dt_blog`, `id_moderador`, `ds_titulo`, `in_tecnico`) VALUES (3, 2475, 17, NULL, NULL, 'Wagner Gomes Gonzalez Junior ', 'JuniorCruzz', 'Juniorbie@hotmail.com', NULL, 21, 200, 0, 0, NULL, 381, NULL, 1);
INSERT INTO `TB_PROCESSOS_EMAIL_DETALHE` (`id_processo`, `id_usuario`, `id_sequencial`, `dt_execucao_processo`, `hr_execucao_processo`, `nm_usuario`, `psn_id`, `ds_email`, `ds_time_atual`, `id_temporada`, `id_campeonato`, `in_usuario_moderador`, `id_blog`, `dt_blog`, `id_moderador`, `ds_titulo`, `in_tecnico`) VALUES (3, 2483, 18, NULL, NULL, 'walter guimaraes neto', 'poderozocastiga', 'walt.sempre17@gmail.com', NULL, 21, 200, 0, 0, NULL, 381, NULL, 1);
INSERT INTO `TB_PROCESSOS_EMAIL_DETALHE` (`id_processo`, `id_usuario`, `id_sequencial`, `dt_execucao_processo`, `hr_execucao_processo`, `nm_usuario`, `psn_id`, `ds_email`, `ds_time_atual`, `id_temporada`, `id_campeonato`, `in_usuario_moderador`, `id_blog`, `dt_blog`, `id_moderador`, `ds_titulo`, `in_tecnico`) VALUES (4, 2035, 1, NULL, NULL, 'Amadeu de Santana Costa', 'Amadeu_Costa', 'amadeuboladao@hotmail.com', NULL, 21, 205, 0, 0, NULL, 381, NULL, 1);
INSERT INTO `TB_PROCESSOS_EMAIL_DETALHE` (`id_processo`, `id_usuario`, `id_sequencial`, `dt_execucao_processo`, `hr_execucao_processo`, `nm_usuario`, `psn_id`, `ds_email`, `ds_time_atual`, `id_temporada`, `id_campeonato`, `in_usuario_moderador`, `id_blog`, `dt_blog`, `id_moderador`, `ds_titulo`, `in_tecnico`) VALUES (4, 2472, 2, NULL, NULL, 'Cassiano José Sales Cruz ', 'Onayssak', 'Csn.salesfmu@hotmail.com', NULL, 21, 205, 0, 0, NULL, 381, NULL, 1);
INSERT INTO `TB_PROCESSOS_EMAIL_DETALHE` (`id_processo`, `id_usuario`, `id_sequencial`, `dt_execucao_processo`, `hr_execucao_processo`, `nm_usuario`, `psn_id`, `ds_email`, `ds_time_atual`, `id_temporada`, `id_campeonato`, `in_usuario_moderador`, `id_blog`, `dt_blog`, `id_moderador`, `ds_titulo`, `in_tecnico`) VALUES (4, 401, 3, NULL, NULL, 'Felipe dos Santos', 'santossfelipe93', 'santossfelipe1993@gmail.com', NULL, 21, 205, 1, 0, NULL, 381, NULL, 1);
INSERT INTO `TB_PROCESSOS_EMAIL_DETALHE` (`id_processo`, `id_usuario`, `id_sequencial`, `dt_execucao_processo`, `hr_execucao_processo`, `nm_usuario`, `psn_id`, `ds_email`, `ds_time_atual`, `id_temporada`, `id_campeonato`, `in_usuario_moderador`, `id_blog`, `dt_blog`, `id_moderador`, `ds_titulo`, `in_tecnico`) VALUES (4, 2310, 4, NULL, NULL, 'Felipe viera de souza', 'FeelipeV', 'Felipe17_03@hotmail.com', NULL, 21, 205, 0, 0, NULL, 381, NULL, 1);
INSERT INTO `TB_PROCESSOS_EMAIL_DETALHE` (`id_processo`, `id_usuario`, `id_sequencial`, `dt_execucao_processo`, `hr_execucao_processo`, `nm_usuario`, `psn_id`, `ds_email`, `ds_time_atual`, `id_temporada`, `id_campeonato`, `in_usuario_moderador`, `id_blog`, `dt_blog`, `id_moderador`, `ds_titulo`, `in_tecnico`) VALUES (4, 2243, 5, NULL, NULL, 'Fernando Alves', 'AkeleOwned', 'fienn_fernando@hotmail.com', NULL, 21, 205, 1, 0, NULL, 381, NULL, 1);
INSERT INTO `TB_PROCESSOS_EMAIL_DETALHE` (`id_processo`, `id_usuario`, `id_sequencial`, `dt_execucao_processo`, `hr_execucao_processo`, `nm_usuario`, `psn_id`, `ds_email`, `ds_time_atual`, `id_temporada`, `id_campeonato`, `in_usuario_moderador`, `id_blog`, `dt_blog`, `id_moderador`, `ds_titulo`, `in_tecnico`) VALUES (4, 1177, 6, NULL, NULL, 'Hugo Leonardo Siqueira da Silva', 'HugoSiqueira94', 'hleonardosiqueira@gmail.com', NULL, 21, 205, 1, 0, NULL, 381, NULL, 0);
INSERT INTO `TB_PROCESSOS_EMAIL_DETALHE` (`id_processo`, `id_usuario`, `id_sequencial`, `dt_execucao_processo`, `hr_execucao_processo`, `nm_usuario`, `psn_id`, `ds_email`, `ds_time_atual`, `id_temporada`, `id_campeonato`, `in_usuario_moderador`, `id_blog`, `dt_blog`, `id_moderador`, `ds_titulo`, `in_tecnico`) VALUES (4, 2748, 7, NULL, NULL, 'Jonas de Jesus ', 'Jonas-CuritibaPR ', 'jonasmoreira2011@hotmail.com', NULL, 21, 205, 0, 0, NULL, 381, NULL, 1);
INSERT INTO `TB_PROCESSOS_EMAIL_DETALHE` (`id_processo`, `id_usuario`, `id_sequencial`, `dt_execucao_processo`, `hr_execucao_processo`, `nm_usuario`, `psn_id`, `ds_email`, `ds_time_atual`, `id_temporada`, `id_campeonato`, `in_usuario_moderador`, `id_blog`, `dt_blog`, `id_moderador`, `ds_titulo`, `in_tecnico`) VALUES (4, 422, 8, NULL, NULL, 'Junior Verde', 'juniorverde', 'cfrajunior@gmail.com', NULL, 21, 205, 1, 0, NULL, 381, NULL, 1);
INSERT INTO `TB_PROCESSOS_EMAIL_DETALHE` (`id_processo`, `id_usuario`, `id_sequencial`, `dt_execucao_processo`, `hr_execucao_processo`, `nm_usuario`, `psn_id`, `ds_email`, `ds_time_atual`, `id_temporada`, `id_campeonato`, `in_usuario_moderador`, `id_blog`, `dt_blog`, `id_moderador`, `ds_titulo`, `in_tecnico`) VALUES (4, 460, 9, NULL, NULL, 'Leonardo Vieira Bittencourt', 'garfieldflu_usa', 'leonardovieira79@yahoo.com.br', NULL, 21, 205, 0, 0, NULL, 381, NULL, 1);
INSERT INTO `TB_PROCESSOS_EMAIL_DETALHE` (`id_processo`, `id_usuario`, `id_sequencial`, `dt_execucao_processo`, `hr_execucao_processo`, `nm_usuario`, `psn_id`, `ds_email`, `ds_time_atual`, `id_temporada`, `id_campeonato`, `in_usuario_moderador`, `id_blog`, `dt_blog`, `id_moderador`, `ds_titulo`, `in_tecnico`) VALUES (4, 1497, 10, NULL, NULL, 'Newmar da costa pinheiro', 'Newmar2014', 'Newmarsjn@hotmail.com', NULL, 21, 205, 0, 0, NULL, 381, NULL, 1);
INSERT INTO `TB_PROCESSOS_EMAIL_DETALHE` (`id_processo`, `id_usuario`, `id_sequencial`, `dt_execucao_processo`, `hr_execucao_processo`, `nm_usuario`, `psn_id`, `ds_email`, `ds_time_atual`, `id_temporada`, `id_campeonato`, `in_usuario_moderador`, `id_blog`, `dt_blog`, `id_moderador`, `ds_titulo`, `in_tecnico`) VALUES (4, 1054, 11, NULL, NULL, 'RAFAEL APARECIDO DA SILVA ', 'mkrafa', 'mkrafa@uol.com.br', NULL, 21, 205, 0, 0, NULL, 381, NULL, 1);
INSERT INTO `TB_PROCESSOS_EMAIL_DETALHE` (`id_processo`, `id_usuario`, `id_sequencial`, `dt_execucao_processo`, `hr_execucao_processo`, `nm_usuario`, `psn_id`, `ds_email`, `ds_time_atual`, `id_temporada`, `id_campeonato`, `in_usuario_moderador`, `id_blog`, `dt_blog`, `id_moderador`, `ds_titulo`, `in_tecnico`) VALUES (4, 915, 12, NULL, NULL, 'Rafael vieira', 'vieirafifacx', 'rafaelvieira.f12@gmail.com', NULL, 21, 205, 0, 0, NULL, 381, NULL, 1);
INSERT INTO `TB_PROCESSOS_EMAIL_DETALHE` (`id_processo`, `id_usuario`, `id_sequencial`, `dt_execucao_processo`, `hr_execucao_processo`, `nm_usuario`, `psn_id`, `ds_email`, `ds_time_atual`, `id_temporada`, `id_campeonato`, `in_usuario_moderador`, `id_blog`, `dt_blog`, `id_moderador`, `ds_titulo`, `in_tecnico`) VALUES (4, 2474, 13, NULL, NULL, 'Raul Santos lima', 'Goodaum', 'Rauldossantoslima@gmail.com', NULL, 21, 205, 0, 0, NULL, 381, NULL, 1);
INSERT INTO `TB_PROCESSOS_EMAIL_DETALHE` (`id_processo`, `id_usuario`, `id_sequencial`, `dt_execucao_processo`, `hr_execucao_processo`, `nm_usuario`, `psn_id`, `ds_email`, `ds_time_atual`, `id_temporada`, `id_campeonato`, `in_usuario_moderador`, `id_blog`, `dt_blog`, `id_moderador`, `ds_titulo`, `in_tecnico`) VALUES (4, 2106, 14, NULL, NULL, 'Renan Souza e Silva', 'renankardio7', 'renankardio@hotmail.com', NULL, 21, 205, 0, 0, NULL, 381, NULL, 1);
INSERT INTO `TB_PROCESSOS_EMAIL_DETALHE` (`id_processo`, `id_usuario`, `id_sequencial`, `dt_execucao_processo`, `hr_execucao_processo`, `nm_usuario`, `psn_id`, `ds_email`, `ds_time_atual`, `id_temporada`, `id_campeonato`, `in_usuario_moderador`, `id_blog`, `dt_blog`, `id_moderador`, `ds_titulo`, `in_tecnico`) VALUES (4, 1206, 15, NULL, NULL, 'Ricardo Augusto Simões', 'Rick_simoes', 'ricardo.asimoes@gmail.com', NULL, 21, 205, 1, 0, NULL, 381, NULL, 0);
INSERT INTO `TB_PROCESSOS_EMAIL_DETALHE` (`id_processo`, `id_usuario`, `id_sequencial`, `dt_execucao_processo`, `hr_execucao_processo`, `nm_usuario`, `psn_id`, `ds_email`, `ds_time_atual`, `id_temporada`, `id_campeonato`, `in_usuario_moderador`, `id_blog`, `dt_blog`, `id_moderador`, `ds_titulo`, `in_tecnico`) VALUES (4, 2191, 16, NULL, NULL, 'Ricardo Jose Binhardi', 'rjb120678lil', 'binhardi@expandhimoveis.com.br', NULL, 21, 205, 0, 0, NULL, 381, NULL, 1);
INSERT INTO `TB_PROCESSOS_EMAIL_DETALHE` (`id_processo`, `id_usuario`, `id_sequencial`, `dt_execucao_processo`, `hr_execucao_processo`, `nm_usuario`, `psn_id`, `ds_email`, `ds_time_atual`, `id_temporada`, `id_campeonato`, `in_usuario_moderador`, `id_blog`, `dt_blog`, `id_moderador`, `ds_titulo`, `in_tecnico`) VALUES (4, 408, 17, NULL, NULL, 'ricardo mangas lopes', 'rmangas', 'rmangaslopes@gmail.com', NULL, 21, 205, 0, 0, NULL, 381, NULL, 1);
INSERT INTO `TB_PROCESSOS_EMAIL_DETALHE` (`id_processo`, `id_usuario`, `id_sequencial`, `dt_execucao_processo`, `hr_execucao_processo`, `nm_usuario`, `psn_id`, `ds_email`, `ds_time_atual`, `id_temporada`, `id_campeonato`, `in_usuario_moderador`, `id_blog`, `dt_blog`, `id_moderador`, `ds_titulo`, `in_tecnico`) VALUES (4, 384, 18, NULL, NULL, 'Roberto Pereira', 'Torbe_Pereira', 'pereira_mkt@hotmail.com', NULL, 21, 205, 0, 0, NULL, 381, NULL, 1);
INSERT INTO `TB_PROCESSOS_EMAIL_DETALHE` (`id_processo`, `id_usuario`, `id_sequencial`, `dt_execucao_processo`, `hr_execucao_processo`, `nm_usuario`, `psn_id`, `ds_email`, `ds_time_atual`, `id_temporada`, `id_campeonato`, `in_usuario_moderador`, `id_blog`, `dt_blog`, `id_moderador`, `ds_titulo`, `in_tecnico`) VALUES (4, 1281, 19, NULL, NULL, 'Tadeu de Jesus nogueira junior', 'juninhogoleiro1', 'Juniorgoleiro@hotmail.com', NULL, 21, 205, 0, 0, NULL, 381, NULL, 1);
INSERT INTO `TB_PROCESSOS_EMAIL_DETALHE` (`id_processo`, `id_usuario`, `id_sequencial`, `dt_execucao_processo`, `hr_execucao_processo`, `nm_usuario`, `psn_id`, `ds_email`, `ds_time_atual`, `id_temporada`, `id_campeonato`, `in_usuario_moderador`, `id_blog`, `dt_blog`, `id_moderador`, `ds_titulo`, `in_tecnico`) VALUES (4, 385, 20, NULL, NULL, 'Thiago Pereira da Fonseca', 'Fonseca_RJ', 'thiagofonseca_rj@hotmail.com', NULL, 21, 205, 1, 0, NULL, 381, NULL, 1);
INSERT INTO `TB_PROCESSOS_EMAIL_DETALHE` (`id_processo`, `id_usuario`, `id_sequencial`, `dt_execucao_processo`, `hr_execucao_processo`, `nm_usuario`, `psn_id`, `ds_email`, `ds_time_atual`, `id_temporada`, `id_campeonato`, `in_usuario_moderador`, `id_blog`, `dt_blog`, `id_moderador`, `ds_titulo`, `in_tecnico`) VALUES (4, 1135, 21, NULL, NULL, 'Thiago Vancellote', 'benitodipaula', 'vancellote@yahoo.com.br', NULL, 21, 205, 0, 0, NULL, 381, NULL, 1);
INSERT INTO `TB_PROCESSOS_EMAIL_DETALHE` (`id_processo`, `id_usuario`, `id_sequencial`, `dt_execucao_processo`, `hr_execucao_processo`, `nm_usuario`, `psn_id`, `ds_email`, `ds_time_atual`, `id_temporada`, `id_campeonato`, `in_usuario_moderador`, `id_blog`, `dt_blog`, `id_moderador`, `ds_titulo`, `in_tecnico`) VALUES (4, 2100, 22, NULL, NULL, 'Vinicius Alcantara', 'valcantara23', 'viniciusavelinoalcantara@gmail.com', NULL, 21, 205, 0, 0, NULL, 381, NULL, 1);
INSERT INTO `TB_PROCESSOS_EMAIL_DETALHE` (`id_processo`, `id_usuario`, `id_sequencial`, `dt_execucao_processo`, `hr_execucao_processo`, `nm_usuario`, `psn_id`, `ds_email`, `ds_time_atual`, `id_temporada`, `id_campeonato`, `in_usuario_moderador`, `id_blog`, `dt_blog`, `id_moderador`, `ds_titulo`, `in_tecnico`) VALUES (5, 1378, 1, NULL, NULL, 'alyton ney montalvão madureira', 'alyton', 'alytonney@yahoo.com.br', NULL, 21, 207, 0, 0, NULL, 381, NULL, 1);
INSERT INTO `TB_PROCESSOS_EMAIL_DETALHE` (`id_processo`, `id_usuario`, `id_sequencial`, `dt_execucao_processo`, `hr_execucao_processo`, `nm_usuario`, `psn_id`, `ds_email`, `ds_time_atual`, `id_temporada`, `id_campeonato`, `in_usuario_moderador`, `id_blog`, `dt_blog`, `id_moderador`, `ds_titulo`, `in_tecnico`) VALUES (5, 2844, 2, NULL, NULL, 'Bruno Bastos dos Santos', 'quitobru', 'brunoquito0@gmail.com', NULL, 21, 207, 0, 0, NULL, 381, NULL, 1);
INSERT INTO `TB_PROCESSOS_EMAIL_DETALHE` (`id_processo`, `id_usuario`, `id_sequencial`, `dt_execucao_processo`, `hr_execucao_processo`, `nm_usuario`, `psn_id`, `ds_email`, `ds_time_atual`, `id_temporada`, `id_campeonato`, `in_usuario_moderador`, `id_blog`, `dt_blog`, `id_moderador`, `ds_titulo`, `in_tecnico`) VALUES (5, 2287, 3, NULL, NULL, 'Caio Coimbra de Lima Pontes', 'Caicma420', 'caiocoimbradelimapontes@hotmail.com', NULL, 21, 207, 0, 0, NULL, 381, NULL, 1);
INSERT INTO `TB_PROCESSOS_EMAIL_DETALHE` (`id_processo`, `id_usuario`, `id_sequencial`, `dt_execucao_processo`, `hr_execucao_processo`, `nm_usuario`, `psn_id`, `ds_email`, `ds_time_atual`, `id_temporada`, `id_campeonato`, `in_usuario_moderador`, `id_blog`, `dt_blog`, `id_moderador`, `ds_titulo`, `in_tecnico`) VALUES (5, 1249, 4, NULL, NULL, 'Dagoberto Botelho de Araujo', 'dagoba_sp', 'dagoberto.projetos@gmail.com', NULL, 21, 207, 0, 0, NULL, 381, NULL, 1);
INSERT INTO `TB_PROCESSOS_EMAIL_DETALHE` (`id_processo`, `id_usuario`, `id_sequencial`, `dt_execucao_processo`, `hr_execucao_processo`, `nm_usuario`, `psn_id`, `ds_email`, `ds_time_atual`, `id_temporada`, `id_campeonato`, `in_usuario_moderador`, `id_blog`, `dt_blog`, `id_moderador`, `ds_titulo`, `in_tecnico`) VALUES (5, 2811, 5, NULL, NULL, 'Felipe Coppola', 'coppolaMV', 'felipescoppola@hotmail.com', NULL, 21, 207, 0, 0, NULL, 381, NULL, 1);
INSERT INTO `TB_PROCESSOS_EMAIL_DETALHE` (`id_processo`, `id_usuario`, `id_sequencial`, `dt_execucao_processo`, `hr_execucao_processo`, `nm_usuario`, `psn_id`, `ds_email`, `ds_time_atual`, `id_temporada`, `id_campeonato`, `in_usuario_moderador`, `id_blog`, `dt_blog`, `id_moderador`, `ds_titulo`, `in_tecnico`) VALUES (5, 1324, 6, NULL, NULL, 'Felipe Franz Botelho', 'FelipeFranz', 'felipefranzbotelho@hotmail.com', NULL, 21, 207, 0, 0, NULL, 381, NULL, 1);
INSERT INTO `TB_PROCESSOS_EMAIL_DETALHE` (`id_processo`, `id_usuario`, `id_sequencial`, `dt_execucao_processo`, `hr_execucao_processo`, `nm_usuario`, `psn_id`, `ds_email`, `ds_time_atual`, `id_temporada`, `id_campeonato`, `in_usuario_moderador`, `id_blog`, `dt_blog`, `id_moderador`, `ds_titulo`, `in_tecnico`) VALUES (5, 1229, 7, NULL, NULL, 'Gabriel Henrique calvi ', 'Gabrielcalvi', 'Gabrielhcalvi@hotmail.com', NULL, 21, 207, 0, 0, NULL, 381, NULL, 1);
INSERT INTO `TB_PROCESSOS_EMAIL_DETALHE` (`id_processo`, `id_usuario`, `id_sequencial`, `dt_execucao_processo`, `hr_execucao_processo`, `nm_usuario`, `psn_id`, `ds_email`, `ds_time_atual`, `id_temporada`, `id_campeonato`, `in_usuario_moderador`, `id_blog`, `dt_blog`, `id_moderador`, `ds_titulo`, `in_tecnico`) VALUES (5, 2519, 8, NULL, NULL, 'GILBERTO PEREIRA DOS SANTOS', 'gilbertosantos18', 'gilbertops18@gmail.com', NULL, 21, 207, 0, 0, NULL, 381, NULL, 1);
INSERT INTO `TB_PROCESSOS_EMAIL_DETALHE` (`id_processo`, `id_usuario`, `id_sequencial`, `dt_execucao_processo`, `hr_execucao_processo`, `nm_usuario`, `psn_id`, `ds_email`, `ds_time_atual`, `id_temporada`, `id_campeonato`, `in_usuario_moderador`, `id_blog`, `dt_blog`, `id_moderador`, `ds_titulo`, `in_tecnico`) VALUES (5, 1923, 9, NULL, NULL, 'Guilherme Dourado', 'gsdourado17', 'guiseixas17@gmail.com', NULL, 21, 207, 0, 0, NULL, 381, NULL, 1);
INSERT INTO `TB_PROCESSOS_EMAIL_DETALHE` (`id_processo`, `id_usuario`, `id_sequencial`, `dt_execucao_processo`, `hr_execucao_processo`, `nm_usuario`, `psn_id`, `ds_email`, `ds_time_atual`, `id_temporada`, `id_campeonato`, `in_usuario_moderador`, `id_blog`, `dt_blog`, `id_moderador`, `ds_titulo`, `in_tecnico`) VALUES (5, 2373, 10, NULL, NULL, 'Henrique Carvalho', 'Henrikimm', 'henriquescarvalho@outlook.com', NULL, 21, 207, 0, 0, NULL, 381, NULL, 1);
INSERT INTO `TB_PROCESSOS_EMAIL_DETALHE` (`id_processo`, `id_usuario`, `id_sequencial`, `dt_execucao_processo`, `hr_execucao_processo`, `nm_usuario`, `psn_id`, `ds_email`, `ds_time_atual`, `id_temporada`, `id_campeonato`, `in_usuario_moderador`, `id_blog`, `dt_blog`, `id_moderador`, `ds_titulo`, `in_tecnico`) VALUES (5, 2761, 11, NULL, NULL, 'João Paulo Souza dos Santos', 'joaopaulocte', 'joaopaulocte@gmail.com', NULL, 21, 207, 0, 0, NULL, 381, NULL, 1);
INSERT INTO `TB_PROCESSOS_EMAIL_DETALHE` (`id_processo`, `id_usuario`, `id_sequencial`, `dt_execucao_processo`, `hr_execucao_processo`, `nm_usuario`, `psn_id`, `ds_email`, `ds_time_atual`, `id_temporada`, `id_campeonato`, `in_usuario_moderador`, `id_blog`, `dt_blog`, `id_moderador`, `ds_titulo`, `in_tecnico`) VALUES (5, 1284, 12, NULL, NULL, 'João Pedro Garotti', 'sonekaubc', 'joao.garotti@gmail.com', NULL, 21, 207, 0, 0, NULL, 381, NULL, 1);
INSERT INTO `TB_PROCESSOS_EMAIL_DETALHE` (`id_processo`, `id_usuario`, `id_sequencial`, `dt_execucao_processo`, `hr_execucao_processo`, `nm_usuario`, `psn_id`, `ds_email`, `ds_time_atual`, `id_temporada`, `id_campeonato`, `in_usuario_moderador`, `id_blog`, `dt_blog`, `id_moderador`, `ds_titulo`, `in_tecnico`) VALUES (5, 422, 13, NULL, NULL, 'Junior Verde', 'juniorverde', 'cfrajunior@gmail.com', NULL, 21, 207, 1, 0, NULL, 381, NULL, 0);
INSERT INTO `TB_PROCESSOS_EMAIL_DETALHE` (`id_processo`, `id_usuario`, `id_sequencial`, `dt_execucao_processo`, `hr_execucao_processo`, `nm_usuario`, `psn_id`, `ds_email`, `ds_time_atual`, `id_temporada`, `id_campeonato`, `in_usuario_moderador`, `id_blog`, `dt_blog`, `id_moderador`, `ds_titulo`, `in_tecnico`) VALUES (5, 2371, 14, NULL, NULL, 'Marcos Cássio da Gama Farias Júnior', 'mcassiojr', 'mcassiojr@gmail.com', NULL, 21, 207, 0, 0, NULL, 381, NULL, 1);
INSERT INTO `TB_PROCESSOS_EMAIL_DETALHE` (`id_processo`, `id_usuario`, `id_sequencial`, `dt_execucao_processo`, `hr_execucao_processo`, `nm_usuario`, `psn_id`, `ds_email`, `ds_time_atual`, `id_temporada`, `id_campeonato`, `in_usuario_moderador`, `id_blog`, `dt_blog`, `id_moderador`, `ds_titulo`, `in_tecnico`) VALUES (5, 2108, 15, NULL, NULL, 'Nabil Hammoud', 'Liban84', 'nabilhammoud@icloud.com', NULL, 21, 207, 0, 0, NULL, 381, NULL, 1);
INSERT INTO `TB_PROCESSOS_EMAIL_DETALHE` (`id_processo`, `id_usuario`, `id_sequencial`, `dt_execucao_processo`, `hr_execucao_processo`, `nm_usuario`, `psn_id`, `ds_email`, `ds_time_atual`, `id_temporada`, `id_campeonato`, `in_usuario_moderador`, `id_blog`, `dt_blog`, `id_moderador`, `ds_titulo`, `in_tecnico`) VALUES (5, 1503, 16, NULL, NULL, 'Rodolfo Felippe Estanqueiro', 'rfelippe', 'rodolfo_felippe@hotmail.com', NULL, 21, 207, 0, 0, NULL, 381, NULL, 1);
INSERT INTO `TB_PROCESSOS_EMAIL_DETALHE` (`id_processo`, `id_usuario`, `id_sequencial`, `dt_execucao_processo`, `hr_execucao_processo`, `nm_usuario`, `psn_id`, `ds_email`, `ds_time_atual`, `id_temporada`, `id_campeonato`, `in_usuario_moderador`, `id_blog`, `dt_blog`, `id_moderador`, `ds_titulo`, `in_tecnico`) VALUES (5, 1281, 17, NULL, NULL, 'Tadeu de Jesus nogueira junior', 'juninhogoleiro1', 'Juniorgoleiro@hotmail.com', NULL, 21, 207, 0, 0, NULL, 381, NULL, 1);
INSERT INTO `TB_PROCESSOS_EMAIL_DETALHE` (`id_processo`, `id_usuario`, `id_sequencial`, `dt_execucao_processo`, `hr_execucao_processo`, `nm_usuario`, `psn_id`, `ds_email`, `ds_time_atual`, `id_temporada`, `id_campeonato`, `in_usuario_moderador`, `id_blog`, `dt_blog`, `id_moderador`, `ds_titulo`, `in_tecnico`) VALUES (5, 2779, 18, NULL, NULL, 'Thiago Moraes Queiroz ', 'l-lthiagol-l', 'thiago.queiiroz2511@gmail.com', NULL, 21, 207, 0, 0, NULL, 381, NULL, 1);
INSERT INTO `TB_PROCESSOS_EMAIL_DETALHE` (`id_processo`, `id_usuario`, `id_sequencial`, `dt_execucao_processo`, `hr_execucao_processo`, `nm_usuario`, `psn_id`, `ds_email`, `ds_time_atual`, `id_temporada`, `id_campeonato`, `in_usuario_moderador`, `id_blog`, `dt_blog`, `id_moderador`, `ds_titulo`, `in_tecnico`) VALUES (5, 385, 19, NULL, NULL, 'Thiago Pereira da Fonseca', 'Fonseca_RJ', 'thiagofonseca_rj@hotmail.com', NULL, 21, 207, 1, 0, NULL, 381, NULL, 1);
INSERT INTO `TB_PROCESSOS_EMAIL_DETALHE` (`id_processo`, `id_usuario`, `id_sequencial`, `dt_execucao_processo`, `hr_execucao_processo`, `nm_usuario`, `psn_id`, `ds_email`, `ds_time_atual`, `id_temporada`, `id_campeonato`, `in_usuario_moderador`, `id_blog`, `dt_blog`, `id_moderador`, `ds_titulo`, `in_tecnico`) VALUES (5, 1998, 21, NULL, NULL, 'vagner de jesus', 'vagnerfloripa', 'vagner@comercialbigua.com', NULL, 21, 207, 0, 0, NULL, 381, NULL, 1);
INSERT INTO `TB_PROCESSOS_EMAIL_DETALHE` (`id_processo`, `id_usuario`, `id_sequencial`, `dt_execucao_processo`, `hr_execucao_processo`, `nm_usuario`, `psn_id`, `ds_email`, `ds_time_atual`, `id_temporada`, `id_campeonato`, `in_usuario_moderador`, `id_blog`, `dt_blog`, `id_moderador`, `ds_titulo`, `in_tecnico`) VALUES (5, 2785, 22, NULL, NULL, 'Wilson Dias Tadeu Dias da Silva', 'dias_wtd', 'wilsondias270@gmail.com', NULL, 21, 207, 0, 0, NULL, 381, NULL, 1);
INSERT INTO `TB_PROCESSOS_EMAIL_DETALHE` (`id_processo`, `id_usuario`, `id_sequencial`, `dt_execucao_processo`, `hr_execucao_processo`, `nm_usuario`, `psn_id`, `ds_email`, `ds_time_atual`, `id_temporada`, `id_campeonato`, `in_usuario_moderador`, `id_blog`, `dt_blog`, `id_moderador`, `ds_titulo`, `in_tecnico`) VALUES (6, 390, 1, NULL, NULL, 'Adriano Bezerra ', 'Bezerra2011', 'bezerra1982@gmail.com', NULL, 0, 0, 0, 28, '10/06/2018', 381, 'PREPARATIVOS PARA O SORTEIO DA 19ª TEMPORADA!!', 0);
INSERT INTO `TB_PROCESSOS_EMAIL_DETALHE` (`id_processo`, `id_usuario`, `id_sequencial`, `dt_execucao_processo`, `hr_execucao_processo`, `nm_usuario`, `psn_id`, `ds_email`, `ds_time_atual`, `id_temporada`, `id_campeonato`, `in_usuario_moderador`, `id_blog`, `dt_blog`, `id_moderador`, `ds_titulo`, `in_tecnico`) VALUES (6, 381, 2, NULL, NULL, 'Aires Dias', 'airesdias', 'aires.junior@arenafifa.com.br', NULL, 0, 0, 0, 28, '10/06/2018', 381, 'PREPARATIVOS PARA O SORTEIO DA 19ª TEMPORADA!!', 0);
INSERT INTO `TB_PROCESSOS_EMAIL_DETALHE` (`id_processo`, `id_usuario`, `id_sequencial`, `dt_execucao_processo`, `hr_execucao_processo`, `nm_usuario`, `psn_id`, `ds_email`, `ds_time_atual`, `id_temporada`, `id_campeonato`, `in_usuario_moderador`, `id_blog`, `dt_blog`, `id_moderador`, `ds_titulo`, `in_tecnico`) VALUES (6, 528, 3, NULL, NULL, 'Alexandre Fontes', 'alexnf', 'alexnf@globo.com', NULL, 0, 0, 0, 28, '10/06/2018', 381, 'PREPARATIVOS PARA O SORTEIO DA 19ª TEMPORADA!!', 0);
INSERT INTO `TB_PROCESSOS_EMAIL_DETALHE` (`id_processo`, `id_usuario`, `id_sequencial`, `dt_execucao_processo`, `hr_execucao_processo`, `nm_usuario`, `psn_id`, `ds_email`, `ds_time_atual`, `id_temporada`, `id_campeonato`, `in_usuario_moderador`, `id_blog`, `dt_blog`, `id_moderador`, `ds_titulo`, `in_tecnico`) VALUES (6, 2035, 4, NULL, NULL, 'Amadeu de Santana Costa', 'Amadeu_Costa', 'amadeuboladao@hotmail.com', NULL, 0, 0, 0, 28, '10/06/2018', 381, 'PREPARATIVOS PARA O SORTEIO DA 19ª TEMPORADA!!', 0);
INSERT INTO `TB_PROCESSOS_EMAIL_DETALHE` (`id_processo`, `id_usuario`, `id_sequencial`, `dt_execucao_processo`, `hr_execucao_processo`, `nm_usuario`, `psn_id`, `ds_email`, `ds_time_atual`, `id_temporada`, `id_campeonato`, `in_usuario_moderador`, `id_blog`, `dt_blog`, `id_moderador`, `ds_titulo`, `in_tecnico`) VALUES (6, 932, 5, NULL, NULL, 'Anderson AP Faria', 'Andermlk', 'ander_gol86@hotmail.com', NULL, 0, 0, 0, 28, '10/06/2018', 381, 'PREPARATIVOS PARA O SORTEIO DA 19ª TEMPORADA!!', 0);
INSERT INTO `TB_PROCESSOS_EMAIL_DETALHE` (`id_processo`, `id_usuario`, `id_sequencial`, `dt_execucao_processo`, `hr_execucao_processo`, `nm_usuario`, `psn_id`, `ds_email`, `ds_time_atual`, `id_temporada`, `id_campeonato`, `in_usuario_moderador`, `id_blog`, `dt_blog`, `id_moderador`, `ds_titulo`, `in_tecnico`) VALUES (6, 1134, 6, NULL, NULL, 'Anderson das Chagas Teixeira', 'Chagasbrasilspzl', 'andersonjovita@hotmail.com', NULL, 0, 0, 0, 28, '10/06/2018', 381, 'PREPARATIVOS PARA O SORTEIO DA 19ª TEMPORADA!!', 0);
INSERT INTO `TB_PROCESSOS_EMAIL_DETALHE` (`id_processo`, `id_usuario`, `id_sequencial`, `dt_execucao_processo`, `hr_execucao_processo`, `nm_usuario`, `psn_id`, `ds_email`, `ds_time_atual`, `id_temporada`, `id_campeonato`, `in_usuario_moderador`, `id_blog`, `dt_blog`, `id_moderador`, `ds_titulo`, `in_tecnico`) VALUES (6, 1100, 7, NULL, NULL, 'André Bimonti', 'IBRA_BIMONTI', 'andre.bimonti@uol.com.br', NULL, 0, 0, 0, 28, '10/06/2018', 381, 'PREPARATIVOS PARA O SORTEIO DA 19ª TEMPORADA!!', 0);
INSERT INTO `TB_PROCESSOS_EMAIL_DETALHE` (`id_processo`, `id_usuario`, `id_sequencial`, `dt_execucao_processo`, `hr_execucao_processo`, `nm_usuario`, `psn_id`, `ds_email`, `ds_time_atual`, `id_temporada`, `id_campeonato`, `in_usuario_moderador`, `id_blog`, `dt_blog`, `id_moderador`, `ds_titulo`, `in_tecnico`) VALUES (6, 2844, 8, NULL, NULL, 'Bruno Bastos dos Santos', 'quitobru', 'brunoquito0@gmail.com', NULL, 0, 0, 0, 28, '10/06/2018', 381, 'PREPARATIVOS PARA O SORTEIO DA 19ª TEMPORADA!!', 0);
INSERT INTO `TB_PROCESSOS_EMAIL_DETALHE` (`id_processo`, `id_usuario`, `id_sequencial`, `dt_execucao_processo`, `hr_execucao_processo`, `nm_usuario`, `psn_id`, `ds_email`, `ds_time_atual`, `id_temporada`, `id_campeonato`, `in_usuario_moderador`, `id_blog`, `dt_blog`, `id_moderador`, `ds_titulo`, `in_tecnico`) VALUES (6, 1012, 9, NULL, NULL, 'Carlos Eduardo Lambert de Almeida', 'Kdu-FJV-US', 'Cadubad@gmail.com', NULL, 0, 0, 0, 28, '10/06/2018', 381, 'PREPARATIVOS PARA O SORTEIO DA 19ª TEMPORADA!!', 0);
INSERT INTO `TB_PROCESSOS_EMAIL_DETALHE` (`id_processo`, `id_usuario`, `id_sequencial`, `dt_execucao_processo`, `hr_execucao_processo`, `nm_usuario`, `psn_id`, `ds_email`, `ds_time_atual`, `id_temporada`, `id_campeonato`, `in_usuario_moderador`, `id_blog`, `dt_blog`, `id_moderador`, `ds_titulo`, `in_tecnico`) VALUES (6, 2438, 10, NULL, NULL, 'Carlos Henrique Batista de Oliveira ', 'Ckaka23', 'Carloshbo@outlook.de', NULL, 0, 0, 0, 28, '10/06/2018', 381, 'PREPARATIVOS PARA O SORTEIO DA 19ª TEMPORADA!!', 0);
INSERT INTO `TB_PROCESSOS_EMAIL_DETALHE` (`id_processo`, `id_usuario`, `id_sequencial`, `dt_execucao_processo`, `hr_execucao_processo`, `nm_usuario`, `psn_id`, `ds_email`, `ds_time_atual`, `id_temporada`, `id_campeonato`, `in_usuario_moderador`, `id_blog`, `dt_blog`, `id_moderador`, `ds_titulo`, `in_tecnico`) VALUES (6, 2472, 11, NULL, NULL, 'Cassiano José Sales Cruz ', 'Onayssak', 'Csn.salesfmu@hotmail.com', NULL, 0, 0, 0, 28, '10/06/2018', 381, 'PREPARATIVOS PARA O SORTEIO DA 19ª TEMPORADA!!', 0);
INSERT INTO `TB_PROCESSOS_EMAIL_DETALHE` (`id_processo`, `id_usuario`, `id_sequencial`, `dt_execucao_processo`, `hr_execucao_processo`, `nm_usuario`, `psn_id`, `ds_email`, `ds_time_atual`, `id_temporada`, `id_campeonato`, `in_usuario_moderador`, `id_blog`, `dt_blog`, `id_moderador`, `ds_titulo`, `in_tecnico`) VALUES (6, 1249, 12, NULL, NULL, 'Dagoberto Botelho de Araujo', 'dagoba_sp', 'dagoberto.projetos@gmail.com', NULL, 0, 0, 0, 28, '10/06/2018', 381, 'PREPARATIVOS PARA O SORTEIO DA 19ª TEMPORADA!!', 0);
INSERT INTO `TB_PROCESSOS_EMAIL_DETALHE` (`id_processo`, `id_usuario`, `id_sequencial`, `dt_execucao_processo`, `hr_execucao_processo`, `nm_usuario`, `psn_id`, `ds_email`, `ds_time_atual`, `id_temporada`, `id_campeonato`, `in_usuario_moderador`, `id_blog`, `dt_blog`, `id_moderador`, `ds_titulo`, `in_tecnico`) VALUES (6, 797, 13, NULL, NULL, 'Diego Palmeira Rangel', 'Di_Rangel', 'diegoprangel@gmail.com', NULL, 0, 0, 0, 28, '10/06/2018', 381, 'PREPARATIVOS PARA O SORTEIO DA 19ª TEMPORADA!!', 0);
INSERT INTO `TB_PROCESSOS_EMAIL_DETALHE` (`id_processo`, `id_usuario`, `id_sequencial`, `dt_execucao_processo`, `hr_execucao_processo`, `nm_usuario`, `psn_id`, `ds_email`, `ds_time_atual`, `id_temporada`, `id_campeonato`, `in_usuario_moderador`, `id_blog`, `dt_blog`, `id_moderador`, `ds_titulo`, `in_tecnico`) VALUES (6, 579, 14, NULL, NULL, 'Diogo Vinotti', 'vinotti1234', 'diogofapeu@gmail.com', NULL, 0, 0, 0, 28, '10/06/2018', 381, 'PREPARATIVOS PARA O SORTEIO DA 19ª TEMPORADA!!', 0);
INSERT INTO `TB_PROCESSOS_EMAIL_DETALHE` (`id_processo`, `id_usuario`, `id_sequencial`, `dt_execucao_processo`, `hr_execucao_processo`, `nm_usuario`, `psn_id`, `ds_email`, `ds_time_atual`, `id_temporada`, `id_campeonato`, `in_usuario_moderador`, `id_blog`, `dt_blog`, `id_moderador`, `ds_titulo`, `in_tecnico`) VALUES (6, 879, 15, NULL, NULL, 'Eduardo santos da conceição', 'Edusantos81', 'edusantos0681@gmail.com', NULL, 0, 0, 0, 28, '10/06/2018', 381, 'PREPARATIVOS PARA O SORTEIO DA 19ª TEMPORADA!!', 0);
INSERT INTO `TB_PROCESSOS_EMAIL_DETALHE` (`id_processo`, `id_usuario`, `id_sequencial`, `dt_execucao_processo`, `hr_execucao_processo`, `nm_usuario`, `psn_id`, `ds_email`, `ds_time_atual`, `id_temporada`, `id_campeonato`, `in_usuario_moderador`, `id_blog`, `dt_blog`, `id_moderador`, `ds_titulo`, `in_tecnico`) VALUES (6, 411, 16, NULL, NULL, 'Érico Negão', 'NEGO__MALA', 'negomala@hotmail.com', NULL, 0, 0, 0, 28, '10/06/2018', 381, 'PREPARATIVOS PARA O SORTEIO DA 19ª TEMPORADA!!', 0);
INSERT INTO `TB_PROCESSOS_EMAIL_DETALHE` (`id_processo`, `id_usuario`, `id_sequencial`, `dt_execucao_processo`, `hr_execucao_processo`, `nm_usuario`, `psn_id`, `ds_email`, `ds_time_atual`, `id_temporada`, `id_campeonato`, `in_usuario_moderador`, `id_blog`, `dt_blog`, `id_moderador`, `ds_titulo`, `in_tecnico`) VALUES (6, 1163, 17, NULL, NULL, 'Evandro das Chagas Teixeira', 'sse-teixeira', 'evandro_2.1@hotmail.com', NULL, 0, 0, 0, 28, '10/06/2018', 381, 'PREPARATIVOS PARA O SORTEIO DA 19ª TEMPORADA!!', 0);
INSERT INTO `TB_PROCESSOS_EMAIL_DETALHE` (`id_processo`, `id_usuario`, `id_sequencial`, `dt_execucao_processo`, `hr_execucao_processo`, `nm_usuario`, `psn_id`, `ds_email`, `ds_time_atual`, `id_temporada`, `id_campeonato`, `in_usuario_moderador`, `id_blog`, `dt_blog`, `id_moderador`, `ds_titulo`, `in_tecnico`) VALUES (6, 401, 18, NULL, NULL, 'Felipe dos Santos', 'santossfelipe93', 'santossfelipe1993@gmail.com', NULL, 0, 0, 0, 28, '10/06/2018', 381, 'PREPARATIVOS PARA O SORTEIO DA 19ª TEMPORADA!!', 0);
INSERT INTO `TB_PROCESSOS_EMAIL_DETALHE` (`id_processo`, `id_usuario`, `id_sequencial`, `dt_execucao_processo`, `hr_execucao_processo`, `nm_usuario`, `psn_id`, `ds_email`, `ds_time_atual`, `id_temporada`, `id_campeonato`, `in_usuario_moderador`, `id_blog`, `dt_blog`, `id_moderador`, `ds_titulo`, `in_tecnico`) VALUES (6, 1324, 19, NULL, NULL, 'Felipe Franz Botelho', 'FelipeFranz', 'felipefranzbotelho@hotmail.com', NULL, 0, 0, 0, 28, '10/06/2018', 381, 'PREPARATIVOS PARA O SORTEIO DA 19ª TEMPORADA!!', 0);
INSERT INTO `TB_PROCESSOS_EMAIL_DETALHE` (`id_processo`, `id_usuario`, `id_sequencial`, `dt_execucao_processo`, `hr_execucao_processo`, `nm_usuario`, `psn_id`, `ds_email`, `ds_time_atual`, `id_temporada`, `id_campeonato`, `in_usuario_moderador`, `id_blog`, `dt_blog`, `id_moderador`, `ds_titulo`, `in_tecnico`) VALUES (6, 2724, 20, NULL, NULL, 'Felipe santos', 'Felipe_santos07', 'Felipemalcher05@gmail.com', NULL, 0, 0, 0, 28, '10/06/2018', 381, 'PREPARATIVOS PARA O SORTEIO DA 19ª TEMPORADA!!', 0);
INSERT INTO `TB_PROCESSOS_EMAIL_DETALHE` (`id_processo`, `id_usuario`, `id_sequencial`, `dt_execucao_processo`, `hr_execucao_processo`, `nm_usuario`, `psn_id`, `ds_email`, `ds_time_atual`, `id_temporada`, `id_campeonato`, `in_usuario_moderador`, `id_blog`, `dt_blog`, `id_moderador`, `ds_titulo`, `in_tecnico`) VALUES (6, 2310, 21, NULL, NULL, 'Felipe viera de souza', 'FeelipeV', 'Felipe17_03@hotmail.com', NULL, 0, 0, 0, 28, '10/06/2018', 381, 'PREPARATIVOS PARA O SORTEIO DA 19ª TEMPORADA!!', 0);
INSERT INTO `TB_PROCESSOS_EMAIL_DETALHE` (`id_processo`, `id_usuario`, `id_sequencial`, `dt_execucao_processo`, `hr_execucao_processo`, `nm_usuario`, `psn_id`, `ds_email`, `ds_time_atual`, `id_temporada`, `id_campeonato`, `in_usuario_moderador`, `id_blog`, `dt_blog`, `id_moderador`, `ds_titulo`, `in_tecnico`) VALUES (6, 2243, 22, NULL, NULL, 'Fernando Alves', 'AkeleOwned', 'fienn_fernando@hotmail.com', NULL, 0, 0, 0, 28, '10/06/2018', 381, 'PREPARATIVOS PARA O SORTEIO DA 19ª TEMPORADA!!', 0);
INSERT INTO `TB_PROCESSOS_EMAIL_DETALHE` (`id_processo`, `id_usuario`, `id_sequencial`, `dt_execucao_processo`, `hr_execucao_processo`, `nm_usuario`, `psn_id`, `ds_email`, `ds_time_atual`, `id_temporada`, `id_campeonato`, `in_usuario_moderador`, `id_blog`, `dt_blog`, `id_moderador`, `ds_titulo`, `in_tecnico`) VALUES (6, 399, 23, NULL, NULL, 'Fernando Neves', 'nvscst', 'costaneves@gmail.com', NULL, 0, 0, 0, 28, '10/06/2018', 381, 'PREPARATIVOS PARA O SORTEIO DA 19ª TEMPORADA!!', 0);
INSERT INTO `TB_PROCESSOS_EMAIL_DETALHE` (`id_processo`, `id_usuario`, `id_sequencial`, `dt_execucao_processo`, `hr_execucao_processo`, `nm_usuario`, `psn_id`, `ds_email`, `ds_time_atual`, `id_temporada`, `id_campeonato`, `in_usuario_moderador`, `id_blog`, `dt_blog`, `id_moderador`, `ds_titulo`, `in_tecnico`) VALUES (6, 2582, 24, NULL, NULL, 'Francisco Lopes Da Costa Junior', 'Dr_Junior23', 'Francisco233@Outlook.com.br', NULL, 0, 0, 0, 28, '10/06/2018', 381, 'PREPARATIVOS PARA O SORTEIO DA 19ª TEMPORADA!!', 0);
INSERT INTO `TB_PROCESSOS_EMAIL_DETALHE` (`id_processo`, `id_usuario`, `id_sequencial`, `dt_execucao_processo`, `hr_execucao_processo`, `nm_usuario`, `psn_id`, `ds_email`, `ds_time_atual`, `id_temporada`, `id_campeonato`, `in_usuario_moderador`, `id_blog`, `dt_blog`, `id_moderador`, `ds_titulo`, `in_tecnico`) VALUES (6, 942, 25, NULL, NULL, 'Fred Fernandes', 'hoffman_0307', 'yderf_0307@hotmail.com', NULL, 0, 0, 0, 28, '10/06/2018', 381, 'PREPARATIVOS PARA O SORTEIO DA 19ª TEMPORADA!!', 0);
INSERT INTO `TB_PROCESSOS_EMAIL_DETALHE` (`id_processo`, `id_usuario`, `id_sequencial`, `dt_execucao_processo`, `hr_execucao_processo`, `nm_usuario`, `psn_id`, `ds_email`, `ds_time_atual`, `id_temporada`, `id_campeonato`, `in_usuario_moderador`, `id_blog`, `dt_blog`, `id_moderador`, `ds_titulo`, `in_tecnico`) VALUES (6, 1229, 26, NULL, NULL, 'Gabriel Henrique calvi ', 'Gabrielcalvi', 'Gabrielhcalvi@hotmail.com', NULL, 0, 0, 0, 28, '10/06/2018', 381, 'PREPARATIVOS PARA O SORTEIO DA 19ª TEMPORADA!!', 0);
INSERT INTO `TB_PROCESSOS_EMAIL_DETALHE` (`id_processo`, `id_usuario`, `id_sequencial`, `dt_execucao_processo`, `hr_execucao_processo`, `nm_usuario`, `psn_id`, `ds_email`, `ds_time_atual`, `id_temporada`, `id_campeonato`, `in_usuario_moderador`, `id_blog`, `dt_blog`, `id_moderador`, `ds_titulo`, `in_tecnico`) VALUES (6, 2519, 27, NULL, NULL, 'GILBERTO PEREIRA DOS SANTOS', 'gilbertosantos18', 'gilbertops18@gmail.com', NULL, 0, 0, 0, 28, '10/06/2018', 381, 'PREPARATIVOS PARA O SORTEIO DA 19ª TEMPORADA!!', 0);
INSERT INTO `TB_PROCESSOS_EMAIL_DETALHE` (`id_processo`, `id_usuario`, `id_sequencial`, `dt_execucao_processo`, `hr_execucao_processo`, `nm_usuario`, `psn_id`, `ds_email`, `ds_time_atual`, `id_temporada`, `id_campeonato`, `in_usuario_moderador`, `id_blog`, `dt_blog`, `id_moderador`, `ds_titulo`, `in_tecnico`) VALUES (6, 2741, 28, NULL, NULL, 'Guilherme Bisnaga', 'Gui_bisnaga', 'Guigo_350@yahoo.com.br', NULL, 0, 0, 0, 28, '10/06/2018', 381, 'PREPARATIVOS PARA O SORTEIO DA 19ª TEMPORADA!!', 0);
INSERT INTO `TB_PROCESSOS_EMAIL_DETALHE` (`id_processo`, `id_usuario`, `id_sequencial`, `dt_execucao_processo`, `hr_execucao_processo`, `nm_usuario`, `psn_id`, `ds_email`, `ds_time_atual`, `id_temporada`, `id_campeonato`, `in_usuario_moderador`, `id_blog`, `dt_blog`, `id_moderador`, `ds_titulo`, `in_tecnico`) VALUES (6, 1923, 29, NULL, NULL, 'Guilherme Dourado', 'gsdourado17', 'guiseixas17@gmail.com', NULL, 0, 0, 0, 28, '10/06/2018', 381, 'PREPARATIVOS PARA O SORTEIO DA 19ª TEMPORADA!!', 0);
INSERT INTO `TB_PROCESSOS_EMAIL_DETALHE` (`id_processo`, `id_usuario`, `id_sequencial`, `dt_execucao_processo`, `hr_execucao_processo`, `nm_usuario`, `psn_id`, `ds_email`, `ds_time_atual`, `id_temporada`, `id_campeonato`, `in_usuario_moderador`, `id_blog`, `dt_blog`, `id_moderador`, `ds_titulo`, `in_tecnico`) VALUES (6, 538, 30, NULL, NULL, 'Gustavo Amaral de Gois Veloso', 'Gustavo_Mancha07', 'Gustavo.a.gois@hotmail.com', NULL, 0, 0, 0, 28, '10/06/2018', 381, 'PREPARATIVOS PARA O SORTEIO DA 19ª TEMPORADA!!', 0);
INSERT INTO `TB_PROCESSOS_EMAIL_DETALHE` (`id_processo`, `id_usuario`, `id_sequencial`, `dt_execucao_processo`, `hr_execucao_processo`, `nm_usuario`, `psn_id`, `ds_email`, `ds_time_atual`, `id_temporada`, `id_campeonato`, `in_usuario_moderador`, `id_blog`, `dt_blog`, `id_moderador`, `ds_titulo`, `in_tecnico`) VALUES (6, 1198, 31, NULL, NULL, 'Gustavo Curty Bereda de Oliveira', 'CurtyG14', 'gustavobereda@hotmail.com', NULL, 0, 0, 0, 28, '10/06/2018', 381, 'PREPARATIVOS PARA O SORTEIO DA 19ª TEMPORADA!!', 0);
INSERT INTO `TB_PROCESSOS_EMAIL_DETALHE` (`id_processo`, `id_usuario`, `id_sequencial`, `dt_execucao_processo`, `hr_execucao_processo`, `nm_usuario`, `psn_id`, `ds_email`, `ds_time_atual`, `id_temporada`, `id_campeonato`, `in_usuario_moderador`, `id_blog`, `dt_blog`, `id_moderador`, `ds_titulo`, `in_tecnico`) VALUES (6, 2373, 32, NULL, NULL, 'Henrique Carvalho', 'Henrikimm', 'henriquescarvalho@outlook.com', NULL, 0, 0, 0, 28, '10/06/2018', 381, 'PREPARATIVOS PARA O SORTEIO DA 19ª TEMPORADA!!', 0);
INSERT INTO `TB_PROCESSOS_EMAIL_DETALHE` (`id_processo`, `id_usuario`, `id_sequencial`, `dt_execucao_processo`, `hr_execucao_processo`, `nm_usuario`, `psn_id`, `ds_email`, `ds_time_atual`, `id_temporada`, `id_campeonato`, `in_usuario_moderador`, `id_blog`, `dt_blog`, `id_moderador`, `ds_titulo`, `in_tecnico`) VALUES (6, 1177, 33, NULL, NULL, 'Hugo Leonardo Siqueira da Silva', 'HugoSiqueira94', 'hleonardosiqueira@gmail.com', NULL, 0, 0, 0, 28, '10/06/2018', 381, 'PREPARATIVOS PARA O SORTEIO DA 19ª TEMPORADA!!', 0);
INSERT INTO `TB_PROCESSOS_EMAIL_DETALHE` (`id_processo`, `id_usuario`, `id_sequencial`, `dt_execucao_processo`, `hr_execucao_processo`, `nm_usuario`, `psn_id`, `ds_email`, `ds_time_atual`, `id_temporada`, `id_campeonato`, `in_usuario_moderador`, `id_blog`, `dt_blog`, `id_moderador`, `ds_titulo`, `in_tecnico`) VALUES (6, 2370, 34, NULL, NULL, 'Jefferson Oliveira Santos ', 'JEH_EM_ACAO', 'jeffersonoliveira17@yahoo.com', NULL, 0, 0, 0, 28, '10/06/2018', 381, 'PREPARATIVOS PARA O SORTEIO DA 19ª TEMPORADA!!', 0);
INSERT INTO `TB_PROCESSOS_EMAIL_DETALHE` (`id_processo`, `id_usuario`, `id_sequencial`, `dt_execucao_processo`, `hr_execucao_processo`, `nm_usuario`, `psn_id`, `ds_email`, `ds_time_atual`, `id_temporada`, `id_campeonato`, `in_usuario_moderador`, `id_blog`, `dt_blog`, `id_moderador`, `ds_titulo`, `in_tecnico`) VALUES (6, 1477, 35, NULL, NULL, 'João Gabriel Santos oliveira', 'Joaozinho111', 'Jaolive24@Gmail.com', NULL, 0, 0, 0, 28, '10/06/2018', 381, 'PREPARATIVOS PARA O SORTEIO DA 19ª TEMPORADA!!', 0);
INSERT INTO `TB_PROCESSOS_EMAIL_DETALHE` (`id_processo`, `id_usuario`, `id_sequencial`, `dt_execucao_processo`, `hr_execucao_processo`, `nm_usuario`, `psn_id`, `ds_email`, `ds_time_atual`, `id_temporada`, `id_campeonato`, `in_usuario_moderador`, `id_blog`, `dt_blog`, `id_moderador`, `ds_titulo`, `in_tecnico`) VALUES (6, 2761, 36, NULL, NULL, 'João Paulo Souza dos Santos', 'joaopaulocte', 'joaopaulocte@gmail.com', NULL, 0, 0, 0, 28, '10/06/2018', 381, 'PREPARATIVOS PARA O SORTEIO DA 19ª TEMPORADA!!', 0);
INSERT INTO `TB_PROCESSOS_EMAIL_DETALHE` (`id_processo`, `id_usuario`, `id_sequencial`, `dt_execucao_processo`, `hr_execucao_processo`, `nm_usuario`, `psn_id`, `ds_email`, `ds_time_atual`, `id_temporada`, `id_campeonato`, `in_usuario_moderador`, `id_blog`, `dt_blog`, `id_moderador`, `ds_titulo`, `in_tecnico`) VALUES (6, 1284, 37, NULL, NULL, 'João Pedro Garotti', 'sonekaubc', 'joao.garotti@gmail.com', NULL, 0, 0, 0, 28, '10/06/2018', 381, 'PREPARATIVOS PARA O SORTEIO DA 19ª TEMPORADA!!', 0);
INSERT INTO `TB_PROCESSOS_EMAIL_DETALHE` (`id_processo`, `id_usuario`, `id_sequencial`, `dt_execucao_processo`, `hr_execucao_processo`, `nm_usuario`, `psn_id`, `ds_email`, `ds_time_atual`, `id_temporada`, `id_campeonato`, `in_usuario_moderador`, `id_blog`, `dt_blog`, `id_moderador`, `ds_titulo`, `in_tecnico`) VALUES (6, 2626, 38, NULL, NULL, 'Johnata ortega ', 'Johortega', 'Joh.s.ortega@gmail.com', NULL, 0, 0, 0, 28, '10/06/2018', 381, 'PREPARATIVOS PARA O SORTEIO DA 19ª TEMPORADA!!', 0);
INSERT INTO `TB_PROCESSOS_EMAIL_DETALHE` (`id_processo`, `id_usuario`, `id_sequencial`, `dt_execucao_processo`, `hr_execucao_processo`, `nm_usuario`, `psn_id`, `ds_email`, `ds_time_atual`, `id_temporada`, `id_campeonato`, `in_usuario_moderador`, `id_blog`, `dt_blog`, `id_moderador`, `ds_titulo`, `in_tecnico`) VALUES (6, 2748, 39, NULL, NULL, 'Jonas de Jesus ', 'Jonas-CuritibaPR ', 'jonasmoreira2011@hotmail.com', NULL, 0, 0, 0, 28, '10/06/2018', 381, 'PREPARATIVOS PARA O SORTEIO DA 19ª TEMPORADA!!', 0);
INSERT INTO `TB_PROCESSOS_EMAIL_DETALHE` (`id_processo`, `id_usuario`, `id_sequencial`, `dt_execucao_processo`, `hr_execucao_processo`, `nm_usuario`, `psn_id`, `ds_email`, `ds_time_atual`, `id_temporada`, `id_campeonato`, `in_usuario_moderador`, `id_blog`, `dt_blog`, `id_moderador`, `ds_titulo`, `in_tecnico`) VALUES (6, 916, 40, NULL, NULL, 'Julio cesar Costa ', 'bodaski', 'Jccostametrorio@gmail.Com', NULL, 0, 0, 0, 28, '10/06/2018', 381, 'PREPARATIVOS PARA O SORTEIO DA 19ª TEMPORADA!!', 0);
INSERT INTO `TB_PROCESSOS_EMAIL_DETALHE` (`id_processo`, `id_usuario`, `id_sequencial`, `dt_execucao_processo`, `hr_execucao_processo`, `nm_usuario`, `psn_id`, `ds_email`, `ds_time_atual`, `id_temporada`, `id_campeonato`, `in_usuario_moderador`, `id_blog`, `dt_blog`, `id_moderador`, `ds_titulo`, `in_tecnico`) VALUES (6, 422, 41, NULL, NULL, 'Junior Verde', 'juniorverde', 'cfrajunior@gmail.com', NULL, 0, 0, 0, 28, '10/06/2018', 381, 'PREPARATIVOS PARA O SORTEIO DA 19ª TEMPORADA!!', 0);
INSERT INTO `TB_PROCESSOS_EMAIL_DETALHE` (`id_processo`, `id_usuario`, `id_sequencial`, `dt_execucao_processo`, `hr_execucao_processo`, `nm_usuario`, `psn_id`, `ds_email`, `ds_time_atual`, `id_temporada`, `id_campeonato`, `in_usuario_moderador`, `id_blog`, `dt_blog`, `id_moderador`, `ds_titulo`, `in_tecnico`) VALUES (6, 2732, 42, NULL, NULL, 'Kevin dorneles ', 'Kervolin', 'Kervolin@gmail.com', NULL, 0, 0, 0, 28, '10/06/2018', 381, 'PREPARATIVOS PARA O SORTEIO DA 19ª TEMPORADA!!', 0);
INSERT INTO `TB_PROCESSOS_EMAIL_DETALHE` (`id_processo`, `id_usuario`, `id_sequencial`, `dt_execucao_processo`, `hr_execucao_processo`, `nm_usuario`, `psn_id`, `ds_email`, `ds_time_atual`, `id_temporada`, `id_campeonato`, `in_usuario_moderador`, `id_blog`, `dt_blog`, `id_moderador`, `ds_titulo`, `in_tecnico`) VALUES (6, 484, 43, NULL, NULL, 'Leandro Branco Silva', 'leandrobranco19', 'contatoleandrobranco@gmail.com', NULL, 0, 0, 0, 28, '10/06/2018', 381, 'PREPARATIVOS PARA O SORTEIO DA 19ª TEMPORADA!!', 0);
INSERT INTO `TB_PROCESSOS_EMAIL_DETALHE` (`id_processo`, `id_usuario`, `id_sequencial`, `dt_execucao_processo`, `hr_execucao_processo`, `nm_usuario`, `psn_id`, `ds_email`, `ds_time_atual`, `id_temporada`, `id_campeonato`, `in_usuario_moderador`, `id_blog`, `dt_blog`, `id_moderador`, `ds_titulo`, `in_tecnico`) VALUES (6, 1204, 44, NULL, NULL, 'Leonardo Lima Sampaio', 'M4dr1D1St44', 'leo.matrm@gmail.com', NULL, 0, 0, 0, 28, '10/06/2018', 381, 'PREPARATIVOS PARA O SORTEIO DA 19ª TEMPORADA!!', 0);
INSERT INTO `TB_PROCESSOS_EMAIL_DETALHE` (`id_processo`, `id_usuario`, `id_sequencial`, `dt_execucao_processo`, `hr_execucao_processo`, `nm_usuario`, `psn_id`, `ds_email`, `ds_time_atual`, `id_temporada`, `id_campeonato`, `in_usuario_moderador`, `id_blog`, `dt_blog`, `id_moderador`, `ds_titulo`, `in_tecnico`) VALUES (6, 460, 45, NULL, NULL, 'Leonardo Vieira Bittencourt', 'garfieldflu_usa', 'leonardovieira79@yahoo.com.br', NULL, 0, 0, 0, 28, '10/06/2018', 381, 'PREPARATIVOS PARA O SORTEIO DA 19ª TEMPORADA!!', 0);
INSERT INTO `TB_PROCESSOS_EMAIL_DETALHE` (`id_processo`, `id_usuario`, `id_sequencial`, `dt_execucao_processo`, `hr_execucao_processo`, `nm_usuario`, `psn_id`, `ds_email`, `ds_time_atual`, `id_temporada`, `id_campeonato`, `in_usuario_moderador`, `id_blog`, `dt_blog`, `id_moderador`, `ds_titulo`, `in_tecnico`) VALUES (6, 2720, 46, NULL, NULL, 'Luan Maia ', 'K1NG_PlayyzeR', 'K1ng-luan@bol.com.br', NULL, 0, 0, 0, 28, '10/06/2018', 381, 'PREPARATIVOS PARA O SORTEIO DA 19ª TEMPORADA!!', 0);
INSERT INTO `TB_PROCESSOS_EMAIL_DETALHE` (`id_processo`, `id_usuario`, `id_sequencial`, `dt_execucao_processo`, `hr_execucao_processo`, `nm_usuario`, `psn_id`, `ds_email`, `ds_time_atual`, `id_temporada`, `id_campeonato`, `in_usuario_moderador`, `id_blog`, `dt_blog`, `id_moderador`, `ds_titulo`, `in_tecnico`) VALUES (6, 1213, 47, NULL, NULL, 'Luiz Fernando Silva Caldas', 'luizc007', 'psnsharewl@gmail.com', NULL, 0, 0, 0, 28, '10/06/2018', 381, 'PREPARATIVOS PARA O SORTEIO DA 19ª TEMPORADA!!', 0);
INSERT INTO `TB_PROCESSOS_EMAIL_DETALHE` (`id_processo`, `id_usuario`, `id_sequencial`, `dt_execucao_processo`, `hr_execucao_processo`, `nm_usuario`, `psn_id`, `ds_email`, `ds_time_atual`, `id_temporada`, `id_campeonato`, `in_usuario_moderador`, `id_blog`, `dt_blog`, `id_moderador`, `ds_titulo`, `in_tecnico`) VALUES (6, 2371, 48, NULL, NULL, 'Marcos Cássio da Gama Farias Júnior', 'mcassiojr', 'mcassiojr@gmail.com', NULL, 0, 0, 0, 28, '10/06/2018', 381, 'PREPARATIVOS PARA O SORTEIO DA 19ª TEMPORADA!!', 0);
INSERT INTO `TB_PROCESSOS_EMAIL_DETALHE` (`id_processo`, `id_usuario`, `id_sequencial`, `dt_execucao_processo`, `hr_execucao_processo`, `nm_usuario`, `psn_id`, `ds_email`, `ds_time_atual`, `id_temporada`, `id_campeonato`, `in_usuario_moderador`, `id_blog`, `dt_blog`, `id_moderador`, `ds_titulo`, `in_tecnico`) VALUES (6, 0, 49, NULL, NULL, 'Moderadores Oficiais Arena Fifa', 'ModeradoresAF', 'moderadoresarena@arenafifa.com.br', NULL, 0, 0, 0, 28, '10/06/2018', 381, 'PREPARATIVOS PARA O SORTEIO DA 19ª TEMPORADA!!', 0);
INSERT INTO `TB_PROCESSOS_EMAIL_DETALHE` (`id_processo`, `id_usuario`, `id_sequencial`, `dt_execucao_processo`, `hr_execucao_processo`, `nm_usuario`, `psn_id`, `ds_email`, `ds_time_atual`, `id_temporada`, `id_campeonato`, `in_usuario_moderador`, `id_blog`, `dt_blog`, `id_moderador`, `ds_titulo`, `in_tecnico`) VALUES (6, 2108, 50, NULL, NULL, 'Nabil Hammoud', 'Liban84', 'nabilhammoud@icloud.com', NULL, 0, 0, 0, 28, '10/06/2018', 381, 'PREPARATIVOS PARA O SORTEIO DA 19ª TEMPORADA!!', 0);
INSERT INTO `TB_PROCESSOS_EMAIL_DETALHE` (`id_processo`, `id_usuario`, `id_sequencial`, `dt_execucao_processo`, `hr_execucao_processo`, `nm_usuario`, `psn_id`, `ds_email`, `ds_time_atual`, `id_temporada`, `id_campeonato`, `in_usuario_moderador`, `id_blog`, `dt_blog`, `id_moderador`, `ds_titulo`, `in_tecnico`) VALUES (6, 1497, 51, NULL, NULL, 'Newmar da costa pinheiro', 'Newmar2014', 'Newmarsjn@hotmail.com', NULL, 0, 0, 0, 28, '10/06/2018', 381, 'PREPARATIVOS PARA O SORTEIO DA 19ª TEMPORADA!!', 0);
INSERT INTO `TB_PROCESSOS_EMAIL_DETALHE` (`id_processo`, `id_usuario`, `id_sequencial`, `dt_execucao_processo`, `hr_execucao_processo`, `nm_usuario`, `psn_id`, `ds_email`, `ds_time_atual`, `id_temporada`, `id_campeonato`, `in_usuario_moderador`, `id_blog`, `dt_blog`, `id_moderador`, `ds_titulo`, `in_tecnico`) VALUES (6, 996, 52, NULL, NULL, 'Pedro Henrique Amorim SIlva', 'pedrok18', 'pedrohenrique.as18@gmail.com', NULL, 0, 0, 0, 28, '10/06/2018', 381, 'PREPARATIVOS PARA O SORTEIO DA 19ª TEMPORADA!!', 0);
INSERT INTO `TB_PROCESSOS_EMAIL_DETALHE` (`id_processo`, `id_usuario`, `id_sequencial`, `dt_execucao_processo`, `hr_execucao_processo`, `nm_usuario`, `psn_id`, `ds_email`, `ds_time_atual`, `id_temporada`, `id_campeonato`, `in_usuario_moderador`, `id_blog`, `dt_blog`, `id_moderador`, `ds_titulo`, `in_tecnico`) VALUES (6, 1054, 53, NULL, NULL, 'RAFAEL APARECIDO DA SILVA ', 'mkrafa', 'mkrafa@uol.com.br', NULL, 0, 0, 0, 28, '10/06/2018', 381, 'PREPARATIVOS PARA O SORTEIO DA 19ª TEMPORADA!!', 0);
INSERT INTO `TB_PROCESSOS_EMAIL_DETALHE` (`id_processo`, `id_usuario`, `id_sequencial`, `dt_execucao_processo`, `hr_execucao_processo`, `nm_usuario`, `psn_id`, `ds_email`, `ds_time_atual`, `id_temporada`, `id_campeonato`, `in_usuario_moderador`, `id_blog`, `dt_blog`, `id_moderador`, `ds_titulo`, `in_tecnico`) VALUES (6, 915, 54, NULL, NULL, 'Rafael vieira', 'vieirafifacx', 'rafaelvieira.f12@gmail.com', NULL, 0, 0, 0, 28, '10/06/2018', 381, 'PREPARATIVOS PARA O SORTEIO DA 19ª TEMPORADA!!', 0);
INSERT INTO `TB_PROCESSOS_EMAIL_DETALHE` (`id_processo`, `id_usuario`, `id_sequencial`, `dt_execucao_processo`, `hr_execucao_processo`, `nm_usuario`, `psn_id`, `ds_email`, `ds_time_atual`, `id_temporada`, `id_campeonato`, `in_usuario_moderador`, `id_blog`, `dt_blog`, `id_moderador`, `ds_titulo`, `in_tecnico`) VALUES (6, 425, 55, NULL, NULL, 'Raphael Patury Lins', 'Fiusk06', 'raphaelpatury@gmail.com', NULL, 0, 0, 0, 28, '10/06/2018', 381, 'PREPARATIVOS PARA O SORTEIO DA 19ª TEMPORADA!!', 0);
INSERT INTO `TB_PROCESSOS_EMAIL_DETALHE` (`id_processo`, `id_usuario`, `id_sequencial`, `dt_execucao_processo`, `hr_execucao_processo`, `nm_usuario`, `psn_id`, `ds_email`, `ds_time_atual`, `id_temporada`, `id_campeonato`, `in_usuario_moderador`, `id_blog`, `dt_blog`, `id_moderador`, `ds_titulo`, `in_tecnico`) VALUES (6, 2474, 56, NULL, NULL, 'Raul Santos lima', 'Goodaum', 'Rauldossantoslima@gmail.com', NULL, 0, 0, 0, 28, '10/06/2018', 381, 'PREPARATIVOS PARA O SORTEIO DA 19ª TEMPORADA!!', 0);
INSERT INTO `TB_PROCESSOS_EMAIL_DETALHE` (`id_processo`, `id_usuario`, `id_sequencial`, `dt_execucao_processo`, `hr_execucao_processo`, `nm_usuario`, `psn_id`, `ds_email`, `ds_time_atual`, `id_temporada`, `id_campeonato`, `in_usuario_moderador`, `id_blog`, `dt_blog`, `id_moderador`, `ds_titulo`, `in_tecnico`) VALUES (6, 2106, 57, NULL, NULL, 'Renan Souza e Silva', 'renankardio7', 'renankardio@hotmail.com', NULL, 0, 0, 0, 28, '10/06/2018', 381, 'PREPARATIVOS PARA O SORTEIO DA 19ª TEMPORADA!!', 0);
INSERT INTO `TB_PROCESSOS_EMAIL_DETALHE` (`id_processo`, `id_usuario`, `id_sequencial`, `dt_execucao_processo`, `hr_execucao_processo`, `nm_usuario`, `psn_id`, `ds_email`, `ds_time_atual`, `id_temporada`, `id_campeonato`, `in_usuario_moderador`, `id_blog`, `dt_blog`, `id_moderador`, `ds_titulo`, `in_tecnico`) VALUES (6, 1146, 58, NULL, NULL, 'Renan Thomazelli', 'Rthomazelli', 'thomazelli95@yahoo.com', NULL, 0, 0, 0, 28, '10/06/2018', 381, 'PREPARATIVOS PARA O SORTEIO DA 19ª TEMPORADA!!', 0);
INSERT INTO `TB_PROCESSOS_EMAIL_DETALHE` (`id_processo`, `id_usuario`, `id_sequencial`, `dt_execucao_processo`, `hr_execucao_processo`, `nm_usuario`, `psn_id`, `ds_email`, `ds_time_atual`, `id_temporada`, `id_campeonato`, `in_usuario_moderador`, `id_blog`, `dt_blog`, `id_moderador`, `ds_titulo`, `in_tecnico`) VALUES (6, 1206, 59, NULL, NULL, 'Ricardo Augusto Simões', 'Rick_simoes', 'ricardo.asimoes@gmail.com', NULL, 0, 0, 0, 28, '10/06/2018', 381, 'PREPARATIVOS PARA O SORTEIO DA 19ª TEMPORADA!!', 0);
INSERT INTO `TB_PROCESSOS_EMAIL_DETALHE` (`id_processo`, `id_usuario`, `id_sequencial`, `dt_execucao_processo`, `hr_execucao_processo`, `nm_usuario`, `psn_id`, `ds_email`, `ds_time_atual`, `id_temporada`, `id_campeonato`, `in_usuario_moderador`, `id_blog`, `dt_blog`, `id_moderador`, `ds_titulo`, `in_tecnico`) VALUES (6, 2191, 60, NULL, NULL, 'Ricardo Jose Binhardi', 'rjb120678lil', 'binhardi@expandhimoveis.com.br', NULL, 0, 0, 0, 28, '10/06/2018', 381, 'PREPARATIVOS PARA O SORTEIO DA 19ª TEMPORADA!!', 0);
INSERT INTO `TB_PROCESSOS_EMAIL_DETALHE` (`id_processo`, `id_usuario`, `id_sequencial`, `dt_execucao_processo`, `hr_execucao_processo`, `nm_usuario`, `psn_id`, `ds_email`, `ds_time_atual`, `id_temporada`, `id_campeonato`, `in_usuario_moderador`, `id_blog`, `dt_blog`, `id_moderador`, `ds_titulo`, `in_tecnico`) VALUES (6, 408, 61, NULL, NULL, 'ricardo mangas lopes', 'rmangas', 'rmangaslopes@gmail.com', NULL, 0, 0, 0, 28, '10/06/2018', 381, 'PREPARATIVOS PARA O SORTEIO DA 19ª TEMPORADA!!', 0);
INSERT INTO `TB_PROCESSOS_EMAIL_DETALHE` (`id_processo`, `id_usuario`, `id_sequencial`, `dt_execucao_processo`, `hr_execucao_processo`, `nm_usuario`, `psn_id`, `ds_email`, `ds_time_atual`, `id_temporada`, `id_campeonato`, `in_usuario_moderador`, `id_blog`, `dt_blog`, `id_moderador`, `ds_titulo`, `in_tecnico`) VALUES (6, 384, 62, NULL, NULL, 'Roberto Pereira', 'Torbe_Pereira', 'pereira_mkt@hotmail.com', NULL, 0, 0, 0, 28, '10/06/2018', 381, 'PREPARATIVOS PARA O SORTEIO DA 19ª TEMPORADA!!', 0);
INSERT INTO `TB_PROCESSOS_EMAIL_DETALHE` (`id_processo`, `id_usuario`, `id_sequencial`, `dt_execucao_processo`, `hr_execucao_processo`, `nm_usuario`, `psn_id`, `ds_email`, `ds_time_atual`, `id_temporada`, `id_campeonato`, `in_usuario_moderador`, `id_blog`, `dt_blog`, `id_moderador`, `ds_titulo`, `in_tecnico`) VALUES (6, 1190, 63, NULL, NULL, 'Rodrigo de Oliveira Perez', 'rodrigofifa78', 'rodrigofifa78@hotmail.com', NULL, 0, 0, 0, 28, '10/06/2018', 381, 'PREPARATIVOS PARA O SORTEIO DA 19ª TEMPORADA!!', 0);
INSERT INTO `TB_PROCESSOS_EMAIL_DETALHE` (`id_processo`, `id_usuario`, `id_sequencial`, `dt_execucao_processo`, `hr_execucao_processo`, `nm_usuario`, `psn_id`, `ds_email`, `ds_time_atual`, `id_temporada`, `id_campeonato`, `in_usuario_moderador`, `id_blog`, `dt_blog`, `id_moderador`, `ds_titulo`, `in_tecnico`) VALUES (6, 1184, 64, NULL, NULL, 'Ronaldo Cacciatore', 'ROVOCAL', 'ro.vocal@hotmail.com', NULL, 0, 0, 0, 28, '10/06/2018', 381, 'PREPARATIVOS PARA O SORTEIO DA 19ª TEMPORADA!!', 0);
INSERT INTO `TB_PROCESSOS_EMAIL_DETALHE` (`id_processo`, `id_usuario`, `id_sequencial`, `dt_execucao_processo`, `hr_execucao_processo`, `nm_usuario`, `psn_id`, `ds_email`, `ds_time_atual`, `id_temporada`, `id_campeonato`, `in_usuario_moderador`, `id_blog`, `dt_blog`, `id_moderador`, `ds_titulo`, `in_tecnico`) VALUES (6, 2208, 65, NULL, NULL, 'Samuel Oliveira ', 'SamuelDOliveira ', 'samuca_sso@globo.com', NULL, 0, 0, 0, 28, '10/06/2018', 381, 'PREPARATIVOS PARA O SORTEIO DA 19ª TEMPORADA!!', 0);
INSERT INTO `TB_PROCESSOS_EMAIL_DETALHE` (`id_processo`, `id_usuario`, `id_sequencial`, `dt_execucao_processo`, `hr_execucao_processo`, `nm_usuario`, `psn_id`, `ds_email`, `ds_time_atual`, `id_temporada`, `id_campeonato`, `in_usuario_moderador`, `id_blog`, `dt_blog`, `id_moderador`, `ds_titulo`, `in_tecnico`) VALUES (6, 985, 66, NULL, NULL, 'sayds angel m de paula', 'saydsangelll', 'saydsangel@gmail.com', NULL, 0, 0, 0, 28, '10/06/2018', 381, 'PREPARATIVOS PARA O SORTEIO DA 19ª TEMPORADA!!', 0);
INSERT INTO `TB_PROCESSOS_EMAIL_DETALHE` (`id_processo`, `id_usuario`, `id_sequencial`, `dt_execucao_processo`, `hr_execucao_processo`, `nm_usuario`, `psn_id`, `ds_email`, `ds_time_atual`, `id_temporada`, `id_campeonato`, `in_usuario_moderador`, `id_blog`, `dt_blog`, `id_moderador`, `ds_titulo`, `in_tecnico`) VALUES (6, 1281, 67, NULL, NULL, 'Tadeu de Jesus nogueira junior', 'juninhogoleiro1', 'Juniorgoleiro@hotmail.com', NULL, 0, 0, 0, 28, '10/06/2018', 381, 'PREPARATIVOS PARA O SORTEIO DA 19ª TEMPORADA!!', 0);
INSERT INTO `TB_PROCESSOS_EMAIL_DETALHE` (`id_processo`, `id_usuario`, `id_sequencial`, `dt_execucao_processo`, `hr_execucao_processo`, `nm_usuario`, `psn_id`, `ds_email`, `ds_time_atual`, `id_temporada`, `id_campeonato`, `in_usuario_moderador`, `id_blog`, `dt_blog`, `id_moderador`, `ds_titulo`, `in_tecnico`) VALUES (6, 2779, 68, NULL, NULL, 'Thiago Moraes Queiroz ', 'l-lthiagol-l', 'thiago.queiiroz2511@gmail.com', NULL, 0, 0, 0, 28, '10/06/2018', 381, 'PREPARATIVOS PARA O SORTEIO DA 19ª TEMPORADA!!', 0);
INSERT INTO `TB_PROCESSOS_EMAIL_DETALHE` (`id_processo`, `id_usuario`, `id_sequencial`, `dt_execucao_processo`, `hr_execucao_processo`, `nm_usuario`, `psn_id`, `ds_email`, `ds_time_atual`, `id_temporada`, `id_campeonato`, `in_usuario_moderador`, `id_blog`, `dt_blog`, `id_moderador`, `ds_titulo`, `in_tecnico`) VALUES (6, 385, 69, NULL, NULL, 'Thiago Pereira da Fonseca', 'Fonseca_RJ', 'thiagofonseca_rj@hotmail.com', NULL, 0, 0, 0, 28, '10/06/2018', 381, 'PREPARATIVOS PARA O SORTEIO DA 19ª TEMPORADA!!', 0);
INSERT INTO `TB_PROCESSOS_EMAIL_DETALHE` (`id_processo`, `id_usuario`, `id_sequencial`, `dt_execucao_processo`, `hr_execucao_processo`, `nm_usuario`, `psn_id`, `ds_email`, `ds_time_atual`, `id_temporada`, `id_campeonato`, `in_usuario_moderador`, `id_blog`, `dt_blog`, `id_moderador`, `ds_titulo`, `in_tecnico`) VALUES (6, 545, 70, NULL, NULL, 'Tonhao Augusto', 'Tonhao_omaestro', 'Neto22_santos@hotmail.com', NULL, 0, 0, 0, 28, '10/06/2018', 381, 'PREPARATIVOS PARA O SORTEIO DA 19ª TEMPORADA!!', 0);
INSERT INTO `TB_PROCESSOS_EMAIL_DETALHE` (`id_processo`, `id_usuario`, `id_sequencial`, `dt_execucao_processo`, `hr_execucao_processo`, `nm_usuario`, `psn_id`, `ds_email`, `ds_time_atual`, `id_temporada`, `id_campeonato`, `in_usuario_moderador`, `id_blog`, `dt_blog`, `id_moderador`, `ds_titulo`, `in_tecnico`) VALUES (6, 1998, 71, NULL, NULL, 'vagner de jesus', 'vagnerfloripa', 'vagner@comercialbigua.com', NULL, 0, 0, 0, 28, '10/06/2018', 381, 'PREPARATIVOS PARA O SORTEIO DA 19ª TEMPORADA!!', 0);
INSERT INTO `TB_PROCESSOS_EMAIL_DETALHE` (`id_processo`, `id_usuario`, `id_sequencial`, `dt_execucao_processo`, `hr_execucao_processo`, `nm_usuario`, `psn_id`, `ds_email`, `ds_time_atual`, `id_temporada`, `id_campeonato`, `in_usuario_moderador`, `id_blog`, `dt_blog`, `id_moderador`, `ds_titulo`, `in_tecnico`) VALUES (6, 2100, 72, NULL, NULL, 'Vinicius Alcantara', 'valcantara23', 'viniciusavelinoalcantara@gmail.com', NULL, 0, 0, 0, 28, '10/06/2018', 381, 'PREPARATIVOS PARA O SORTEIO DA 19ª TEMPORADA!!', 0);
INSERT INTO `TB_PROCESSOS_EMAIL_DETALHE` (`id_processo`, `id_usuario`, `id_sequencial`, `dt_execucao_processo`, `hr_execucao_processo`, `nm_usuario`, `psn_id`, `ds_email`, `ds_time_atual`, `id_temporada`, `id_campeonato`, `in_usuario_moderador`, `id_blog`, `dt_blog`, `id_moderador`, `ds_titulo`, `in_tecnico`) VALUES (6, 1133, 73, NULL, NULL, 'Vinicius Boca', 'Bocavnm', 'vmateus@marimportlog.com.br', NULL, 0, 0, 0, 28, '10/06/2018', 381, 'PREPARATIVOS PARA O SORTEIO DA 19ª TEMPORADA!!', 0);
INSERT INTO `TB_PROCESSOS_EMAIL_DETALHE` (`id_processo`, `id_usuario`, `id_sequencial`, `dt_execucao_processo`, `hr_execucao_processo`, `nm_usuario`, `psn_id`, `ds_email`, `ds_time_atual`, `id_temporada`, `id_campeonato`, `in_usuario_moderador`, `id_blog`, `dt_blog`, `id_moderador`, `ds_titulo`, `in_tecnico`) VALUES (6, 851, 74, NULL, NULL, 'Vinicius Ramos Pereira', 'ramos_vrp', 'ramos881984@gmail.com', NULL, 0, 0, 0, 28, '10/06/2018', 381, 'PREPARATIVOS PARA O SORTEIO DA 19ª TEMPORADA!!', 0);
INSERT INTO `TB_PROCESSOS_EMAIL_DETALHE` (`id_processo`, `id_usuario`, `id_sequencial`, `dt_execucao_processo`, `hr_execucao_processo`, `nm_usuario`, `psn_id`, `ds_email`, `ds_time_atual`, `id_temporada`, `id_campeonato`, `in_usuario_moderador`, `id_blog`, `dt_blog`, `id_moderador`, `ds_titulo`, `in_tecnico`) VALUES (6, 2475, 75, NULL, NULL, 'Wagner Gomes Gonzalez Junior ', 'JuniorCruzz', 'Juniorbie@hotmail.com', NULL, 0, 0, 0, 28, '10/06/2018', 381, 'PREPARATIVOS PARA O SORTEIO DA 19ª TEMPORADA!!', 0);
INSERT INTO `TB_PROCESSOS_EMAIL_DETALHE` (`id_processo`, `id_usuario`, `id_sequencial`, `dt_execucao_processo`, `hr_execucao_processo`, `nm_usuario`, `psn_id`, `ds_email`, `ds_time_atual`, `id_temporada`, `id_campeonato`, `in_usuario_moderador`, `id_blog`, `dt_blog`, `id_moderador`, `ds_titulo`, `in_tecnico`) VALUES (6, 2483, 76, NULL, NULL, 'walter guimaraes neto', 'poderozocastiga', 'walt.sempre17@gmail.com', NULL, 0, 0, 0, 28, '10/06/2018', 381, 'PREPARATIVOS PARA O SORTEIO DA 19ª TEMPORADA!!', 0);
INSERT INTO `TB_PROCESSOS_EMAIL_DETALHE` (`id_processo`, `id_usuario`, `id_sequencial`, `dt_execucao_processo`, `hr_execucao_processo`, `nm_usuario`, `psn_id`, `ds_email`, `ds_time_atual`, `id_temporada`, `id_campeonato`, `in_usuario_moderador`, `id_blog`, `dt_blog`, `id_moderador`, `ds_titulo`, `in_tecnico`) VALUES (6, 2785, 77, NULL, NULL, 'Wilson Dias Tadeu Dias da Silva', 'dias_wtd', 'wilsondias270@gmail.com', NULL, 0, 0, 0, 28, '10/06/2018', 381, 'PREPARATIVOS PARA O SORTEIO DA 19ª TEMPORADA!!', 0);
# 181 records

SET autocommit=1;

#
# Dumping data for table 'TB_SPOOLER_PROCESSOS_EMAIL'
#

INSERT INTO `TB_SPOOLER_PROCESSOS_EMAIL` (`id_processo`, `ds_processo`, `sl_processo`, `dt_criacao_processo`, `hr_criacao_processo`, `qtd_total_emails`, `qtd_emails_enviados`, `qtd_emails_restantes`, `dt_ultima_execucao`, `hr_ultima_execucao`, `dt_fim_processo`, `hr_fim_processo`, `psn_id_responsavel`, `id_temporada`, `id_campeonato`, `id_tabela_jogo`, `id_fase`, `in_numero_rodada`, `nm_campeonato`) VALUES (1, 'Alerta para realização do sorteio: H2H   -   SÉRIE A', 'SPOOLER_ALERTA_SORTEIO', '2018-10-11 00:00:00', '18:37', 21, 0, 0, NULL, NULL, NULL, NULL, 'airesdias', 0, 0, 0, 0, 0, NULL);
INSERT INTO `TB_SPOOLER_PROCESSOS_EMAIL` (`id_processo`, `ds_processo`, `sl_processo`, `dt_criacao_processo`, `hr_criacao_processo`, `qtd_total_emails`, `qtd_emails_enviados`, `qtd_emails_restantes`, `dt_ultima_execucao`, `hr_ultima_execucao`, `dt_fim_processo`, `hr_fim_processo`, `psn_id_responsavel`, `id_temporada`, `id_campeonato`, `id_tabela_jogo`, `id_fase`, `in_numero_rodada`, `nm_campeonato`) VALUES (2, 'Alerta para realização do sorteio: H2H   -   SÉRIE B', 'SPOOLER_ALERTA_SORTEIO', '2018-10-11 00:00:00', '18:37', 22, 0, 0, NULL, NULL, NULL, NULL, 'airesdias', 0, 0, 0, 0, 0, NULL);
INSERT INTO `TB_SPOOLER_PROCESSOS_EMAIL` (`id_processo`, `ds_processo`, `sl_processo`, `dt_criacao_processo`, `hr_criacao_processo`, `qtd_total_emails`, `qtd_emails_enviados`, `qtd_emails_restantes`, `dt_ultima_execucao`, `hr_ultima_execucao`, `dt_fim_processo`, `hr_fim_processo`, `psn_id_responsavel`, `id_temporada`, `id_campeonato`, `id_tabela_jogo`, `id_fase`, `in_numero_rodada`, `nm_campeonato`) VALUES (3, 'Alerta para realização do sorteio: H2H   -   SÉRIE C', 'SPOOLER_ALERTA_SORTEIO', '2018-10-11 00:00:00', '18:37', 18, 0, 0, NULL, NULL, NULL, NULL, 'airesdias', 0, 0, 0, 0, 0, NULL);
INSERT INTO `TB_SPOOLER_PROCESSOS_EMAIL` (`id_processo`, `ds_processo`, `sl_processo`, `dt_criacao_processo`, `hr_criacao_processo`, `qtd_total_emails`, `qtd_emails_enviados`, `qtd_emails_restantes`, `dt_ultima_execucao`, `hr_ultima_execucao`, `dt_fim_processo`, `hr_fim_processo`, `psn_id_responsavel`, `id_temporada`, `id_campeonato`, `id_tabela_jogo`, `id_fase`, `in_numero_rodada`, `nm_campeonato`) VALUES (4, 'Alerta para realização do sorteio: FUT   -   SÉRIE A', 'SPOOLER_ALERTA_SORTEIO', '2018-10-11 00:00:00', '18:37', 22, 0, 0, NULL, NULL, NULL, NULL, 'airesdias', 0, 0, 0, 0, 0, NULL);
INSERT INTO `TB_SPOOLER_PROCESSOS_EMAIL` (`id_processo`, `ds_processo`, `sl_processo`, `dt_criacao_processo`, `hr_criacao_processo`, `qtd_total_emails`, `qtd_emails_enviados`, `qtd_emails_restantes`, `dt_ultima_execucao`, `hr_ultima_execucao`, `dt_fim_processo`, `hr_fim_processo`, `psn_id_responsavel`, `id_temporada`, `id_campeonato`, `id_tabela_jogo`, `id_fase`, `in_numero_rodada`, `nm_campeonato`) VALUES (5, 'Alerta para realização do sorteio: PRO CLUB   -   SÉRIE A', 'SPOOLER_ALERTA_SORTEIO', '2018-10-11 00:00:00', '18:37', 21, 0, 0, NULL, NULL, NULL, NULL, 'airesdias', 0, 0, 0, 0, 0, NULL);
INSERT INTO `TB_SPOOLER_PROCESSOS_EMAIL` (`id_processo`, `ds_processo`, `sl_processo`, `dt_criacao_processo`, `hr_criacao_processo`, `qtd_total_emails`, `qtd_emails_enviados`, `qtd_emails_restantes`, `dt_ultima_execucao`, `hr_ultima_execucao`, `dt_fim_processo`, `hr_fim_processo`, `psn_id_responsavel`, `id_temporada`, `id_campeonato`, `id_tabela_jogo`, `id_fase`, `in_numero_rodada`, `nm_campeonato`) VALUES (6, 'Blog: PREPARATIVOS PARA O SORTEIO DA 19ª TEMPORADA!!', 'SPOOLER_BLOG_NOTICIA', '2018-10-11 00:00:00', '19:18', 77, 0, 0, NULL, NULL, NULL, NULL, 'airesdias', 0, 0, 0, 0, 0, NULL);
# 6 records

